1,left_eyebrow,0.0,0.45161290322580644,0.15584415584415584,0.0,0.45454545454545453,0.0967741935483871,0.7402597402597403,0.45161290322580644,1.0,1.0
1,right_eyebrow,0.0,0.14285714285714285,0.26573426573426573,0.0,0.5454545454545454,0.07142857142857142,0.8041958041958042,0.4523809523809524,1.0,1.0
1,left_eye,0.0,0.36,0.24489795918367346,0.0,0.6530612244897959,0.2,1.0,0.92,0.5510204081632653,1.0,0.16326530612244897,0.84
1,right_eye,0.0,0.4,0.31746031746031744,0.0,0.6666666666666666,0.2,1.0,0.76,0.6349206349206349,1.0,0.2698412698412698,0.84
1,top_lip,0.0,0.3611111111111111,0.0784313725490196,0.08333333333333333,0.20588235294117646,0.0,0.3137254901960784,0.16666666666666666,0.45098039215686275,0.1388888888888889,0.696078431372549,0.4722222222222222,1.0,1.0,0.8921568627450981,0.9166666666666666,0.4411764705882353,0.5277777777777778,0.30392156862745096,0.4722222222222222,0.19607843137254902,0.3611111111111111,0.0784313725490196,0.3611111111111111
1,bottom_lip,1.0,0.6764705882352942,0.6666666666666666,1.0,0.4117647058823529,0.9705882352941176,0.2647058823529412,0.8823529411764706,0.14705882352941177,0.7647058823529411,0.058823529411764705,0.47058823529411764,0.0,0.0,0.0784313725490196,0.0,0.17647058823529413,0.17647058823529413,0.29411764705882354,0.29411764705882354,0.43137254901960786,0.38235294117647056,0.8921568627450981,0.5882352941176471
2,left_eyebrow,0.0,1.0,0.19047619047619047,0.16,0.46825396825396826,0.0,0.7380952380952381,0.36,1.0,0.84
2,right_eyebrow,0.0,1.0,0.2578125,0.45454545454545453,0.515625,0.0,0.7890625,0.0,1.0,0.7727272727272727
2,left_eye,0.0,0.4782608695652174,0.3013698630136986,0.0,0.6712328767123288,0.043478260869565216,1.0,0.782608695652174,0.6301369863013698,1.0,0.273972602739726,1.0
2,right_eye,0.0,0.84,0.3194444444444444,0.08,0.6805555555555556,0.0,1.0,0.4,0.7361111111111112,0.96,0.3611111111111111,1.0
2,top_lip,0.0,0.6190476190476191,0.19285714285714287,0.3333333333333333,0.35714285714285715,0.047619047619047616,0.5071428571428571,0.2857142857142857,0.6428571428571429,0.0,0.8142857142857143,0.38095238095238093,1.0,0.8095238095238095,0.9142857142857143,0.9523809523809523,0.65,0.8571428571428571,0.5142857142857142,1.0,0.36428571428571427,0.8571428571428571,0.09285714285714286,0.8095238095238095
2,bottom_lip,1.0,0.10256410256410256,0.8285714285714286,0.6666666666666666,0.6642857142857143,0.9487179487179487,0.5142857142857142,1.0,0.35714285714285715,0.9230769230769231,0.17857142857142858,0.5641025641025641,0.0,0.0,0.09285714285714286,0.10256410256410256,0.35714285714285715,0.23076923076923078,0.5142857142857142,0.3076923076923077,0.65,0.23076923076923078,0.9142857142857143,0.1794871794871795
3,left_eyebrow,0.0,1.0,0.21428571428571427,0.23076923076923078,0.4785714285714286,0.0,0.7428571428571429,0.2692307692307692,1.0,0.7307692307692307
3,right_eyebrow,0.0,0.23333333333333334,0.2894736842105263,0.0,0.5789473684210527,0.0,0.8333333333333334,0.3,1.0,1.0
3,left_eye,0.0,0.45454545454545453,0.35294117647058826,0.0,0.7205882352941176,0.045454545454545456,1.0,0.8636363636363636,0.6764705882352942,1.0,0.3088235294117647,0.9545454545454546
3,right_eye,0.0,0.6666666666666666,0.328125,0.0,0.703125,0.08333333333333333,1.0,0.5833333333333334,0.703125,1.0,0.34375,0.9166666666666666
3,top_lip,0.0,0.8461538461538461,0.2,0.3076923076923077,0.424,0.0,0.552,0.1282051282051282,0.688,0.02564102564102564,0.872,0.358974358974359,1.0,0.9743589743589743,0.904,1.0,0.68,0.5384615384615384,0.544,0.5384615384615384,0.416,0.48717948717948717,0.104,0.8717948717948718
3,bottom_lip,1.0,0.09803921568627451,0.864,0.7254901960784313,0.68,0.9803921568627451,0.528,1.0,0.384,0.9607843137254902,0.176,0.6666666666666666,0.0,0.0,0.104,0.0196078431372549,0.4,0.37254901960784315,0.544,0.43137254901960786,0.688,0.39215686274509803,0.904,0.11764705882352941
4,left_eyebrow,0.0,0.6333333333333333,0.211864406779661,0.03333333333333333,0.5,0.0,0.7542372881355932,0.4,1.0,1.0
4,right_eyebrow,0.0,0.6111111111111112,0.3114754098360656,0.2777777777777778,0.6065573770491803,0.0,0.8852459016393442,0.05555555555555555,1.0,1.0
4,left_eye,0.0,0.5652173913043478,0.3469387755102041,0.0,0.7142857142857143,0.13043478260869565,1.0,1.0,0.6326530612244898,0.8695652173913043,0.2653061224489796,0.7391304347826086
4,right_eye,0.0,0.8333333333333334,0.3953488372093023,0.0,0.7906976744186046,0.05555555555555555,1.0,0.9444444444444444,0.7441860465116279,1.0,0.37209302325581395,0.8888888888888888
4,top_lip,0.0,0.2222222222222222,0.3,0.07407407407407407,0.5916666666666667,0.0,0.725,0.2222222222222222,0.8416666666666667,0.18518518518518517,0.975,0.48148148148148145,1.0,1.0,0.9416666666666667,1.0,0.8166666666666667,0.7037037037037037,0.7,0.6296296296296297,0.5583333333333333,0.5185185185185185,0.075,0.3333333333333333
4,bottom_lip,1.0,0.38181818181818183,0.8916666666666667,0.8181818181818182,0.7416666666666667,1.0,0.6166666666666667,0.9818181818181818,0.4583333333333333,0.8909090909090909,0.225,0.5636363636363636,0.0,0.0,0.075,0.05454545454545454,0.5166666666666667,0.4909090909090909,0.6583333333333333,0.5454545454545454,0.775,0.5272727272727272,0.9416666666666667,0.38181818181818183
5,left_eyebrow,0.0,1.0,0.13636363636363635,0.3333333333333333,0.4,0.027777777777777776,0.7,0.0,1.0,0.1388888888888889
5,right_eyebrow,0.0,1.0,0.2265625,0.4634146341463415,0.4765625,0.12195121951219512,0.7578125,0.0,1.0,0.2926829268292683
5,left_eye,0.0,0.7741935483870968,0.2459016393442623,0.1935483870967742,0.6229508196721312,0.0,1.0,0.41935483870967744,0.6721311475409836,0.8064516129032258,0.29508196721311475,1.0
5,right_eye,0.0,1.0,0.23728813559322035,0.20689655172413793,0.6440677966101694,0.0,1.0,0.27586206896551724,0.7627118644067796,0.8275862068965517,0.3728813559322034,1.0
5,top_lip,0.0,1.0,0.10638297872340426,0.5510204081632653,0.2553191489361702,0.20408163265306123,0.3829787234042553,0.1836734693877551,0.46808510638297873,0.0,0.723404255319149,0.061224489795918366,1.0,0.22448979591836735,0.9148936170212766,0.24489795918367346,0.5319148936170213,0.32653061224489793,0.425531914893617,0.4489795918367347,0.30851063829787234,0.5306122448979592,0.0851063829787234,0.9387755102040817
5,bottom_lip,1.0,0.0,0.851063829787234,0.42105263157894735,0.6702127659574468,0.6578947368421053,0.5531914893617021,0.8157894736842105,0.43617021276595747,0.9210526315789473,0.23404255319148937,1.0,0.0,1.0,0.0851063829787234,0.9210526315789473,0.3617021276595745,0.42105263157894735,0.4787234042553192,0.34210526315789475,0.574468085106383,0.18421052631578946,0.9148936170212766,0.02631578947368421
6,left_eyebrow,0.0,1.0,0.1346153846153846,0.5365853658536586,0.38461538461538464,0.18292682926829268,0.6794871794871795,0.024390243902439025,1.0,0.0
6,right_eyebrow,0.0,1.0,0.18493150684931506,0.5072463768115942,0.4383561643835616,0.17391304347826086,0.7328767123287672,0.0,1.0,0.18840579710144928
6,left_eye,0.0,1.0,0.26582278481012656,0.4,0.620253164556962,0.0,1.0,0.15,0.7215189873417721,0.5,0.379746835443038,0.8
6,right_eye,0.0,1.0,0.25,0.38095238095238093,0.6111111111111112,0.0,1.0,0.047619047619047616,0.7638888888888888,0.4523809523809524,0.4027777777777778,0.7380952380952381
6,top_lip,0.0,1.0,0.16161616161616163,0.611764705882353,0.35858585858585856,0.32941176470588235,0.494949494949495,0.2823529411764706,0.5959595959595959,0.09411764705882353,0.7929292929292929,0.0,1.0,0.047058823529411764,0.9292929292929293,0.10588235294117647,0.6414141414141414,0.2823529411764706,0.5353535353535354,0.4235294117647059,0.40404040404040403,0.5176470588235295,0.0707070707070707,0.9176470588235294
6,bottom_lip,1.0,0.0,0.898989898989899,0.46226415094339623,0.7525252525252525,0.7641509433962265,0.6363636363636364,0.8962264150943396,0.4898989898989899,0.9811320754716981,0.25757575757575757,1.0,0.0,0.7641509433962265,0.0707070707070707,0.6981132075471698,0.4292929292929293,0.7830188679245284,0.5656565656565656,0.7169811320754716,0.6767676767676768,0.5754716981132075,0.9292929292929293,0.04716981132075472
7,left_eyebrow,0.0,1.0,0.1643835616438356,0.45454545454545453,0.410958904109589,0.12121212121212122,0.7054794520547946,0.0,1.0,0.09090909090909091
7,right_eyebrow,0.0,0.08196721311475409,0.30434782608695654,0.0,0.6086956521739131,0.11475409836065574,0.8608695652173913,0.45901639344262296,1.0,1.0
7,left_eye,0.0,0.967741935483871,0.3150684931506849,0.16129032258064516,0.7123287671232876,0.0,1.0,0.8064516129032258,0.7123287671232876,0.967741935483871,0.3287671232876712,1.0
7,right_eye,0.0,0.7666666666666667,0.35384615384615387,0.0,0.7538461538461538,0.06666666666666667,1.0,0.9666666666666667,0.7384615384615385,1.0,0.35384615384615387,0.9
7,top_lip,0.0,0.9714285714285714,0.1810344827586207,0.32857142857142857,0.4224137931034483,0.0,0.5344827586206896,0.04285714285714286,0.646551724137931,0.014285714285714285,0.8620689655172413,0.34285714285714286,1.0,1.0,0.8706896551724138,0.9,0.646551724137931,0.45714285714285713,0.5431034482758621,0.42857142857142855,0.4224137931034483,0.42857142857142855,0.14655172413793102,0.8857142857142857
7,bottom_lip,1.0,0.2222222222222222,0.8706896551724138,0.7777777777777778,0.6810344827586207,1.0,0.5517241379310345,1.0,0.41379310344827586,0.9722222222222222,0.19827586206896552,0.7222222222222222,0.0,0.16666666666666666,0.14655172413793102,0.0,0.41379310344827586,0.05555555555555555,0.5431034482758621,0.1111111111111111,0.6551724137931034,0.1111111111111111,0.8706896551724138,0.027777777777777776
8,left_eyebrow,0.0,0.5384615384615384,0.24489795918367346,0.0,0.5102040816326531,0.11538461538461539,0.7551020408163265,0.5384615384615384,1.0,1.0
8,right_eyebrow,0.0,0.0,0.29850746268656714,0.027777777777777776,0.5746268656716418,0.027777777777777776,0.835820895522388,0.3055555555555556,1.0,1.0
8,left_eye,0.0,0.3,0.35294117647058826,0.0,0.7352941176470589,0.1,1.0,1.0,0.6617647058823529,1.0,0.29411764705882354,0.85
8,right_eye,0.0,0.5416666666666666,0.3235294117647059,0.0,0.6911764705882353,0.2916666666666667,1.0,0.8333333333333334,0.6323529411764706,1.0,0.27941176470588236,0.8333333333333334
8,top_lip,0.0,0.20833333333333334,0.29357798165137616,0.16666666666666666,0.46788990825688076,0.0,0.5596330275229358,0.2916666666666667,0.6513761467889908,0.20833333333333334,0.7798165137614679,0.6666666666666666,1.0,0.9583333333333334,0.9174311926605505,0.7916666666666666,0.6330275229357798,1.0,0.5412844036697247,0.9583333333333334,0.44036697247706424,0.8333333333333334,0.09174311926605505,0.08333333333333333
8,bottom_lip,1.0,1.0,0.7064220183486238,0.6290322580645161,0.5688073394495413,0.3870967741935484,0.48623853211009177,0.3225806451612903,0.3944954128440367,0.2903225806451613,0.24770642201834864,0.4032258064516129,0.0,0.7096774193548387,0.09174311926605505,0.6612903225806451,0.44036697247706424,0.0,0.5321100917431193,0.03225806451612903,0.5963302752293578,0.08064516129032258,0.9174311926605505,0.9354838709677419
9,left_eyebrow,0.0,0.16326530612244897,0.2727272727272727,0.0,0.5545454545454546,0.1836734693877551,0.8,0.5306122448979592,1.0,1.0
9,right_eyebrow,0.0,0.0,0.3333333333333333,0.08196721311475409,0.6458333333333334,0.2786885245901639,0.8958333333333334,0.5737704918032787,1.0,1.0
9,left_eye,0.0,0.05263157894736842,0.42592592592592593,0.0,0.8148148148148148,0.3157894736842105,1.0,1.0,0.6111111111111112,0.7894736842105263,0.2037037037037037,0.5
9,right_eye,0.0,0.2857142857142857,0.40350877192982454,0.0,0.7719298245614035,0.32142857142857145,1.0,1.0,0.6666666666666666,1.0,0.2982456140350877,0.7142857142857143
9,top_lip,0.0,0.04918032786885246,0.2,0.0,0.44761904761904764,0.08196721311475409,0.5714285714285714,0.29508196721311475,0.7523809523809524,0.3442622950819672,0.9238095238095239,0.639344262295082,1.0,1.0,0.9238095238095239,0.9508196721311475,0.6857142857142857,0.5573770491803278,0.5142857142857142,0.45901639344262296,0.38095238095238093,0.3114754098360656,0.047619047619047616,0.14754098360655737
9,bottom_lip,1.0,0.6373626373626373,0.7523809523809524,0.9010989010989011,0.49523809523809526,1.0,0.3047619047619048,0.945054945054945,0.1523809523809524,0.8241758241758241,0.0,0.5054945054945055,0.0,0.0,0.047619047619047616,0.06593406593406594,0.2857142857142857,0.5824175824175825,0.42857142857142855,0.6923076923076923,0.6,0.7362637362637363,0.9238095238095239,0.6043956043956044
10,left_eyebrow,0.0,1.0,0.1553398058252427,0.29411764705882354,0.4174757281553398,0.0,0.7087378640776699,0.0,1.0,0.2647058823529412
10,right_eyebrow,0.0,0.2564102564102564,0.26153846153846155,0.0,0.5461538461538461,0.02564102564102564,0.8076923076923077,0.358974358974359,1.0,1.0
10,left_eye,0.0,0.5172413793103449,0.28125,0.0,0.671875,0.0,1.0,0.6896551724137931,0.640625,1.0,0.234375,1.0
10,right_eye,0.0,0.6551724137931034,0.29411764705882354,0.0,0.6911764705882353,0.034482758620689655,1.0,0.5517241379310345,0.7205882352941176,1.0,0.3088235294117647,1.0
10,top_lip,0.0,1.0,0.15463917525773196,0.42424242424242425,0.31958762886597936,0.030303030303030304,0.4329896907216495,0.12121212121212122,0.5567010309278351,0.0,0.7628865979381443,0.3939393939393939,1.0,0.9393939393939394,0.8762886597938144,0.8787878787878788,0.5670103092783505,0.5757575757575758,0.44329896907216493,0.6060606060606061,0.31958762886597936,0.6060606060606061,0.12371134020618557,0.9393939393939394
10,bottom_lip,1.0,0.07692307692307693,0.7731958762886598,0.7307692307692307,0.5670103092783505,0.9615384615384616,0.4329896907216495,1.0,0.29896907216494845,0.9615384615384616,0.15463917525773196,0.7307692307692307,0.0,0.15384615384615385,0.12371134020618557,0.07692307692307693,0.30927835051546393,0.0,0.4329896907216495,0.038461538461538464,0.5567010309278351,0.0,0.8762886597938144,0.0
11,left_eyebrow,0.0,1.0,0.18461538461538463,0.16666666666666666,0.4461538461538462,0.0,0.7076923076923077,0.041666666666666664,1.0,0.375
11,right_eyebrow,0.0,1.0,0.23577235772357724,0.3870967741935484,0.4878048780487805,0.06451612903225806,0.7642276422764228,0.0,1.0,0.41935483870967744
11,left_eye,0.0,0.5714285714285714,0.27941176470588236,0.10714285714285714,0.6764705882352942,0.0,1.0,0.42857142857142855,0.6617647058823529,0.8928571428571429,0.27941176470588236,1.0
11,right_eye,0.0,0.7741935483870968,0.2727272727272727,0.0967741935483871,0.6818181818181818,0.0,1.0,0.3548387096774194,0.7424242424242424,0.9032258064516129,0.3333333333333333,1.0
11,top_lip,0.0,1.0,0.16216216216216217,0.45714285714285713,0.36036036036036034,0.11428571428571428,0.4774774774774775,0.17142857142857143,0.5945945945945946,0.0,0.7927927927927928,0.14285714285714285,1.0,0.45714285714285713,0.8918918918918919,0.5142857142857142,0.6126126126126126,0.5142857142857142,0.4954954954954955,0.5714285714285714,0.3783783783783784,0.6285714285714286,0.09009009009009009,0.9714285714285714
11,bottom_lip,1.0,0.0,0.8288288288288288,0.6041666666666666,0.6666666666666666,0.875,0.5405405405405406,0.9791666666666666,0.40540540540540543,1.0,0.1981981981981982,0.875,0.0,0.3958333333333333,0.09009009009009009,0.375,0.3963963963963964,0.4166666666666667,0.5135135135135135,0.375,0.6306306306306306,0.2916666666666667,0.8918918918918919,0.041666666666666664
12,left_eyebrow,0.0,1.0,0.1956521739130435,0.2222222222222222,0.4673913043478261,0.0,0.7391304347826086,0.2777777777777778,1.0,0.8333333333333334
12,right_eyebrow,0.0,0.5652173913043478,0.27906976744186046,0.17391304347826086,0.5697674418604651,0.0,0.8488372093023255,0.2608695652173913,1.0,1.0
12,left_eye,0.0,0.26666666666666666,0.3469387755102041,0.0,0.7142857142857143,0.13333333333333333,1.0,0.7333333333333333,0.6530612244897959,1.0,0.2653061224489796,0.8666666666666667
12,right_eye,0.0,0.5714285714285714,0.3673469387755102,0.0,0.7142857142857143,0.0,1.0,0.42857142857142855,0.7551020408163265,1.0,0.3673469387755102,1.0
12,top_lip,0.0,0.7727272727272727,0.16666666666666666,0.13636363636363635,0.39215686274509803,0.0,0.5490196078431373,0.13636363636363635,0.7058823529411765,0.045454545454545456,0.8921568627450981,0.22727272727272727,1.0,0.9090909090909091,0.9313725490196079,1.0,0.7058823529411765,0.5909090909090909,0.5392156862745098,0.6363636363636364,0.38235294117647056,0.5909090909090909,0.06862745098039216,0.8636363636363636
12,bottom_lip,1.0,0.05454545454545454,0.8921568627450981,0.7090909090909091,0.696078431372549,0.9636363636363636,0.5196078431372549,1.0,0.3431372549019608,0.9636363636363636,0.12745098039215685,0.6909090909090909,0.0,0.0,0.06862745098039216,0.03636363636363636,0.3627450980392157,0.5636363636363636,0.5196078431372549,0.6181818181818182,0.696078431372549,0.5818181818181818,0.9313725490196079,0.09090909090909091
13,left_eyebrow,0.0,0.8285714285714286,0.20958083832335328,0.05714285714285714,0.47904191616766467,0.0,0.7604790419161677,0.34285714285714286,1.0,1.0
13,right_eyebrow,0.0,0.0,0.3155339805825243,0.02127659574468085,0.6019417475728155,0.1595744680851064,0.8495145631067961,0.5,1.0,1.0
13,left_eye,0.0,0.391304347826087,0.3469387755102041,0.0,0.7448979591836735,0.15217391304347827,1.0,0.9565217391304348,0.6632653061224489,1.0,0.25510204081632654,0.8260869565217391
13,right_eye,0.0,0.44,0.3669724770642202,0.0,0.7339449541284404,0.26,1.0,0.94,0.6788990825688074,1.0,0.29357798165137616,0.82
13,top_lip,0.0,0.5520833333333334,0.17964071856287425,0.17708333333333334,0.38922155688622756,0.0,0.47904191616766467,0.11458333333333333,0.6227544910179641,0.10416666666666667,0.8263473053892215,0.46875,1.0,1.0,0.8622754491017964,0.8958333333333334,0.5868263473053892,0.4895833333333333,0.4550898203592814,0.4375,0.3532934131736527,0.3958333333333333,0.11377245508982035,0.5208333333333334
13,bottom_lip,1.0,0.647887323943662,0.7664670658682635,0.9577464788732394,0.5329341317365269,1.0,0.38922155688622756,0.9295774647887324,0.2694610778443114,0.8028169014084507,0.10778443113772455,0.4788732394366197,0.0,0.04225352112676056,0.11377245508982035,0.0,0.32934131736526945,0.16901408450704225,0.437125748502994,0.2535211267605634,0.5688622754491018,0.3380281690140845,0.8622754491017964,0.5070422535211268
14,left_eyebrow,0.0,1.0,0.12048192771084337,0.23076923076923078,0.39759036144578314,0.0,0.6987951807228916,0.11538461538461539,1.0,0.4230769230769231
14,right_eyebrow,0.0,0.4666666666666667,0.25757575757575757,0.1,0.5378787878787878,0.0,0.803030303030303,0.3333333333333333,1.0,1.0
14,left_eye,0.0,0.8333333333333334,0.2916666666666667,0.08333333333333333,0.6458333333333334,0.0,1.0,0.6666666666666666,0.6458333333333334,0.8333333333333334,0.2916666666666667,1.0
14,right_eye,0.0,0.8888888888888888,0.3333333333333333,0.0,0.6666666666666666,0.1111111111111111,1.0,0.8888888888888888,0.6666666666666666,1.0,0.3333333333333333,1.0
14,top_lip,0.0,0.9047619047619048,0.13953488372093023,0.42857142857142855,0.2868217054263566,0.14285714285714285,0.4418604651162791,0.2857142857142857,0.6046511627906976,0.0,0.813953488372093,0.09523809523809523,1.0,0.5238095238095238,0.9302325581395349,0.5714285714285714,0.6046511627906976,0.38095238095238093,0.4418604651162791,0.5714285714285714,0.29457364341085274,0.5238095238095238,0.06201550387596899,1.0
14,bottom_lip,1.0,0.0,0.8449612403100775,0.6585365853658537,0.6434108527131783,0.926829268292683,0.4728682170542636,1.0,0.3178294573643411,1.0,0.14728682170542637,0.8780487804878049,0.0,0.1951219512195122,0.06201550387596899,0.24390243902439024,0.3023255813953488,0.5853658536585366,0.4496124031007752,0.6097560975609756,0.6201550387596899,0.5121951219512195,0.9302325581395349,0.024390243902439025
15,left_eyebrow,0.0,1.0,0.16260162601626016,0.14285714285714285,0.43089430894308944,0.0,0.7154471544715447,0.17857142857142858,1.0,0.6071428571428571
15,right_eyebrow,0.0,1.0,0.2375,0.4482758620689655,0.49375,0.0,0.775,0.0,1.0,0.7241379310344828
15,left_eye,0.0,0.5483870967741935,0.2631578947368421,0.03225806451612903,0.631578947368421,0.0,1.0,0.6774193548387096,0.618421052631579,1.0,0.23684210526315788,1.0
15,right_eye,0.0,0.8181818181818182,0.2682926829268293,0.09090909090909091,0.6463414634146342,0.0,1.0,0.3333333333333333,0.7073170731707317,0.8484848484848485,0.32926829268292684,1.0
15,top_lip,0.0,1.0,0.10526315789473684,0.4318181818181818,0.2781954887218045,0.09090909090909091,0.41353383458646614,0.18181818181818182,0.5488721804511278,0.0,0.7819548872180451,0.18181818181818182,1.0,0.5909090909090909,0.9097744360902256,0.5909090909090909,0.5639097744360902,0.5,0.42857142857142855,0.6136363636363636,0.2932330827067669,0.5909090909090909,0.07518796992481203,0.9545454545454546
15,bottom_lip,1.0,0.0,0.8270676691729323,0.6,0.6165413533834586,0.9090909090909091,0.45864661654135336,1.0,0.3082706766917293,1.0,0.12781954887218044,0.8,0.0,0.32727272727272727,0.07518796992481203,0.2909090909090909,0.3007518796992481,0.45454545454545453,0.43609022556390975,0.4727272727272727,0.5789473684210527,0.38181818181818183,0.9097744360902256,0.0
16,left_eyebrow,0.0,1.0,0.15714285714285714,0.44,0.4142857142857143,0.08,0.7,0.0,1.0,0.2
16,right_eyebrow,0.0,0.43243243243243246,0.26717557251908397,0.05405405405405406,0.5572519083969466,0.0,0.8091603053435115,0.32432432432432434,1.0,1.0
16,left_eye,0.0,0.6944444444444444,0.27848101265822783,0.08333333333333333,0.6708860759493671,0.0,1.0,0.7222222222222222,0.6708860759493671,1.0,0.27848101265822783,1.0
16,right_eye,0.0,0.8378378378378378,0.2972972972972973,0.08108108108108109,0.7027027027027027,0.0,1.0,0.5405405405405406,0.7567567567567568,0.918918918918919,0.33783783783783783,1.0
16,top_lip,0.0,1.0,0.20606060606060606,0.38235294117647056,0.4121212121212121,0.058823529411764705,0.5393939393939394,0.11764705882352941,0.6545454545454545,0.0,0.8363636363636363,0.20588235294117646,1.0,0.8235294117647058,0.9393939393939394,0.7647058823529411,0.6666666666666666,0.38235294117647056,0.5454545454545454,0.4411764705882353,0.41818181818181815,0.47058823529411764,0.04242424242424243,0.8823529411764706
16,bottom_lip,1.0,0.045454545454545456,0.8484848484848485,0.6590909090909091,0.6787878787878788,0.9318181818181818,0.5515151515151515,1.0,0.41818181818181815,0.9772727272727273,0.2,0.75,0.0,0.18181818181818182,0.04242424242424243,0.09090909090909091,0.4121212121212121,0.6363636363636364,0.5454545454545454,0.6590909090909091,0.6727272727272727,0.5681818181818182,0.9393939393939394,0.0
17,left_eyebrow,0.0,1.0,0.19230769230769232,0.17857142857142858,0.46153846153846156,0.0,0.7307692307692307,0.25,1.0,0.6785714285714286
17,right_eyebrow,0.0,0.3333333333333333,0.2868217054263566,0.08333333333333333,0.5736434108527132,0.0,0.8372093023255814,0.2777777777777778,1.0,1.0
17,left_eye,0.0,0.6111111111111112,0.30666666666666664,0.0,0.64,0.05555555555555555,1.0,1.0,0.6133333333333333,1.0,0.28,0.9444444444444444
17,right_eye,0.0,0.6842105263157895,0.3561643835616438,0.0,0.7123287671232876,0.15789473684210525,1.0,0.8421052631578947,0.684931506849315,1.0,0.3424657534246575,0.8421052631578947
17,top_lip,0.0,0.9090909090909091,0.20786516853932585,0.2727272727272727,0.38764044943820225,0.0,0.5224719101123596,0.2727272727272727,0.6573033707865169,0.09090909090909091,0.8258426966292135,0.45454545454545453,1.0,1.0,0.9269662921348315,1.0,0.651685393258427,0.8636363636363636,0.5168539325842697,0.8636363636363636,0.37640449438202245,0.7727272727272727,0.06741573033707865,0.9090909090909091
17,bottom_lip,1.0,0.06666666666666667,0.8146067415730337,0.7,0.6348314606741573,0.9333333333333333,0.4943820224719101,1.0,0.3539325842696629,0.8666666666666667,0.1797752808988764,0.5333333333333333,0.0,0.0,0.06741573033707865,0.0,0.3707865168539326,0.1,0.5056179775280899,0.2,0.6404494382022472,0.16666666666666666,0.9269662921348315,0.06666666666666667
18,left_eyebrow,0.0,1.0,0.11764705882352941,0.25,0.38235294117647056,0.0,0.6911764705882353,0.041666666666666664,1.0,0.375
18,right_eyebrow,0.0,0.41379310344827586,0.2578125,0.06896551724137931,0.53125,0.0,0.7890625,0.27586206896551724,1.0,1.0
18,left_eye,0.0,0.7647058823529411,0.18604651162790697,0.058823529411764705,0.5581395348837209,0.0,1.0,0.5882352941176471,0.6046511627906976,0.8823529411764706,0.23255813953488372,1.0
18,right_eye,0.0,0.875,0.2777777777777778,0.0,0.6481481481481481,0.125,1.0,0.75,0.6296296296296297,1.0,0.2777777777777778,1.0
18,top_lip,0.0,1.0,0.02586206896551724,0.3333333333333333,0.16379310344827586,0.044444444444444446,0.3103448275862069,0.08888888888888889,0.4827586206896552,0.0,0.7327586206896551,0.26666666666666666,1.0,0.8888888888888888,0.896551724137931,0.8666666666666667,0.4827586206896552,0.35555555555555557,0.3275862068965517,0.37777777777777777,0.1810344827586207,0.4222222222222222,0.0603448275862069,0.9333333333333333
18,bottom_lip,1.0,0.030303030303030304,0.75,0.6363636363636364,0.5086206896551724,0.9090909090909091,0.33620689655172414,1.0,0.1724137931034483,1.0,0.04310344827586207,0.7575757575757576,0.0,0.18181818181818182,0.0603448275862069,0.09090909090909091,0.1810344827586207,0.30303030303030304,0.3275862068965517,0.3333333333333333,0.49137931034482757,0.24242424242424243,0.896551724137931,0.0
19,left_eyebrow,0.0,1.0,0.19130434782608696,0.2222222222222222,0.4608695652173913,0.0,0.7478260869565218,0.18518518518518517,1.0,0.7407407407407407
19,right_eyebrow,0.0,0.45,0.26865671641791045,0.075,0.5522388059701493,0.0,0.8208955223880597,0.275,1.0,1.0
19,left_eye,0.0,0.5555555555555556,0.3142857142857143,0.0,0.7,0.07407407407407407,1.0,0.9259259259259259,0.6571428571428571,1.0,0.2714285714285714,0.9259259259259259
19,right_eye,0.0,0.7692307692307693,0.3424657534246575,0.0,0.7123287671232876,0.0,1.0,0.6153846153846154,0.7123287671232876,1.0,0.3424657534246575,0.9615384615384616
19,top_lip,0.0,0.19047619047619047,0.17054263565891473,0.0,0.34108527131782945,0.0,0.4573643410852713,0.2857142857142857,0.5891472868217055,0.09523809523809523,0.7906976744186046,0.38095238095238093,1.0,0.8571428571428571,0.9224806201550387,0.8571428571428571,0.5891472868217055,1.0,0.4573643410852713,1.0,0.3333333333333333,0.8095238095238095,0.07751937984496124,0.38095238095238093
19,bottom_lip,1.0,0.3888888888888889,0.8062015503875969,0.8611111111111112,0.6046511627906976,1.0,0.4573643410852713,1.0,0.32558139534883723,0.8333333333333334,0.17054263565891473,0.5,0.0,0.0,0.07751937984496124,0.1111111111111111,0.32558139534883723,0.2777777777777778,0.4573643410852713,0.3888888888888889,0.5891472868217055,0.4166666666666667,0.9224806201550387,0.3888888888888889
20,left_eyebrow,0.0,1.0,0.17857142857142858,0.21621621621621623,0.4357142857142857,0.0,0.7285714285714285,0.10810810810810811,1.0,0.43243243243243246
20,right_eyebrow,0.0,0.9333333333333333,0.2573099415204678,0.36666666666666664,0.52046783625731,0.0,0.783625730994152,0.2,1.0,1.0
20,left_eye,0.0,0.5555555555555556,0.32098765432098764,0.027777777777777776,0.7160493827160493,0.0,1.0,0.75,0.7037037037037037,1.0,0.2962962962962963,1.0
20,right_eye,0.0,0.825,0.3068181818181818,0.075,0.6818181818181818,0.0,1.0,0.425,0.75,0.9,0.3522727272727273,1.0
20,top_lip,0.0,1.0,0.1038961038961039,0.34177215189873417,0.2987012987012987,0.02531645569620253,0.43506493506493504,0.06329113924050633,0.5844155844155844,0.0,0.8311688311688312,0.27848101265822783,1.0,0.8481012658227848,0.8961038961038961,0.7974683544303798,0.5974025974025974,0.379746835443038,0.44805194805194803,0.379746835443038,0.3116883116883117,0.4050632911392405,0.09740259740259741,0.9240506329113924
20,bottom_lip,1.0,0.05,0.8571428571428571,0.7,0.6298701298701299,0.9625,0.461038961038961,1.0,0.3116883116883117,0.9875,0.11038961038961038,0.75,0.0,0.2,0.09740259740259741,0.125,0.2987012987012987,0.5,0.44805194805194803,0.5125,0.6038961038961039,0.4625,0.8961038961038961,0.0
21,left_eyebrow,0.0,1.0,0.21739130434782608,0.2916666666666667,0.4782608695652174,0.0,0.7478260869565218,0.20833333333333334,1.0,0.625
21,right_eyebrow,0.0,0.7142857142857143,0.2608695652173913,0.19047619047619047,0.5217391304347826,0.0,0.7913043478260869,0.19047619047619047,1.0,1.0
21,left_eye,0.0,0.5652173913043478,0.3088235294117647,0.0,0.7058823529411765,0.043478260869565216,1.0,0.9130434782608695,0.6764705882352942,1.0,0.29411764705882354,1.0
21,right_eye,0.0,0.9230769230769231,0.30303030303030304,0.07692307692307693,0.6818181818181818,0.0,1.0,0.5,0.7424242424242424,0.8846153846153846,0.3787878787878788,1.0
21,top_lip,0.0,0.5925925925925926,0.14912280701754385,0.1111111111111111,0.3157894736842105,0.0,0.4298245614035088,0.25925925925925924,0.5701754385964912,0.14814814814814814,0.7807017543859649,0.5185185185185185,1.0,0.9629629629629629,0.9210526315789473,1.0,0.5789473684210527,0.8148148148148148,0.43859649122807015,0.8148148148148148,0.32456140350877194,0.6666666666666666,0.08771929824561403,0.5925925925925926
21,bottom_lip,1.0,0.20408163265306123,0.7894736842105263,0.7959183673469388,0.5701754385964912,1.0,0.42105263157894735,1.0,0.2894736842105263,0.8571428571428571,0.12280701754385964,0.4897959183673469,0.0,0.0,0.08771929824561403,0.0,0.2982456140350877,0.2857142857142857,0.41228070175438597,0.40816326530612246,0.5526315789473685,0.42857142857142855,0.9210526315789473,0.22448979591836735
22,left_eyebrow,0.0,1.0,0.1450381679389313,0.23809523809523808,0.44274809160305345,0.0,0.7404580152671756,0.19047619047619047,1.0,0.7142857142857143
22,right_eyebrow,0.0,0.48,0.25,0.06,0.5448717948717948,0.0,0.8333333333333334,0.34,1.0,1.0
22,left_eye,0.0,0.5416666666666666,0.3246753246753247,0.0,0.6753246753246753,0.08333333333333333,1.0,0.9583333333333334,0.6493506493506493,1.0,0.2727272727272727,0.9166666666666666
22,right_eye,0.0,0.75,0.35365853658536583,0.0,0.6951219512195121,0.125,1.0,0.75,0.6829268292682927,1.0,0.34146341463414637,0.9583333333333334
22,top_lip,0.0,0.47058823529411764,0.15384615384615385,0.17647058823529413,0.32167832167832167,0.0,0.43356643356643354,0.4117647058823529,0.5804195804195804,0.058823529411764705,0.7832167832167832,0.35294117647058826,1.0,0.8823529411764706,0.9300699300699301,0.8823529411764706,0.5804195804195804,0.8235294117647058,0.43356643356643354,1.0,0.3146853146853147,0.8235294117647058,0.06293706293706294,0.5294117647058824
22,bottom_lip,1.0,0.21212121212121213,0.7902097902097902,0.696969696969697,0.5874125874125874,0.9696969696969697,0.4405594405594406,1.0,0.3006993006993007,0.9090909090909091,0.14685314685314685,0.6666666666666666,0.0,0.0,0.06293706293706294,0.030303030303030304,0.32167832167832167,0.24242424242424243,0.44755244755244755,0.36363636363636365,0.5874125874125874,0.24242424242424243,0.9300699300699301,0.21212121212121213
23,left_eyebrow,0.0,1.0,0.1925925925925926,0.26666666666666666,0.45925925925925926,0.0,0.7333333333333333,0.1,1.0,0.43333333333333335
23,right_eyebrow,0.0,0.13043478260869565,0.2972972972972973,0.0,0.6126126126126126,0.06521739130434782,0.8738738738738738,0.3695652173913043,1.0,1.0
23,left_eye,0.0,0.4666666666666667,0.3492063492063492,0.0,0.6825396825396826,0.0,1.0,0.8666666666666667,0.6666666666666666,1.0,0.31746031746031744,1.0
23,right_eye,0.0,0.4444444444444444,0.3728813559322034,0.0,0.7288135593220338,0.2222222222222222,1.0,0.8333333333333334,0.6949152542372882,1.0,0.3389830508474576,0.8333333333333334
23,top_lip,0.0,0.6071428571428571,0.21818181818181817,0.21428571428571427,0.45454545454545453,0.0,0.5818181818181818,0.21428571428571427,0.7,0.10714285714285714,0.8727272727272727,0.5,1.0,1.0,0.9181818181818182,0.9642857142857143,0.6818181818181818,0.75,0.5636363636363636,0.75,0.43636363636363634,0.6428571428571429,0.1,0.6071428571428571
23,bottom_lip,1.0,0.3235294117647059,0.8272727272727273,0.7941176470588235,0.6545454545454545,1.0,0.509090909090909,1.0,0.37272727272727274,0.9117647058823529,0.17272727272727273,0.5882352941176471,0.0,0.0,0.1,0.0,0.4090909090909091,0.23529411764705882,0.5454545454545454,0.3235294117647059,0.6636363636363637,0.29411764705882354,0.9181818181818182,0.29411764705882354
24,left_eyebrow,0.0,0.75,0.09375,0.05,0.359375,0.0,0.6875,0.4,1.0,1.0
24,right_eyebrow,0.0,0.3684210526315789,0.25280898876404495,0.05263157894736842,0.5224719101123596,0.0,0.7865168539325843,0.3684210526315789,1.0,1.0
24,left_eye,0.0,0.5789473684210527,0.19607843137254902,0.0,0.5882352941176471,0.10526315789473684,1.0,0.631578947368421,0.5882352941176471,1.0,0.19607843137254902,1.0
24,right_eye,0.0,0.4782608695652174,0.2857142857142857,0.0,0.6233766233766234,0.21739130434782608,1.0,0.6956521739130435,0.6233766233766234,1.0,0.2727272727272727,0.9130434782608695
24,top_lip,0.006993006993006993,0.8571428571428571,0.0,0.2857142857142857,0.11188811188811189,0.0,0.2097902097902098,0.16666666666666666,0.34965034965034963,0.023809523809523808,0.6783216783216783,0.35714285714285715,1.0,1.0,0.8951048951048951,0.9761904761904762,0.36363636363636365,0.5952380952380952,0.22377622377622378,0.6190476190476191,0.13286713286713286,0.5952380952380952,0.08391608391608392,0.8333333333333334
24,bottom_lip,1.0,0.1320754716981132,0.7183098591549296,0.7924528301886793,0.4295774647887324,0.9811320754716981,0.2676056338028169,1.0,0.14788732394366197,0.9433962264150944,0.04225352112676056,0.6226415094339622,0.0,0.018867924528301886,0.07746478873239436,0.0,0.14084507042253522,0.2830188679245283,0.24647887323943662,0.39622641509433965,0.39436619718309857,0.39622641509433965,0.8943661971830986,0.11320754716981132
25,left_eyebrow,0.0,1.0,0.1623931623931624,0.4375,0.4188034188034188,0.0625,0.7264957264957265,0.0,1.0,0.20833333333333334
25,right_eyebrow,0.0,0.16326530612244897,0.31958762886597936,0.0,0.6288659793814433,0.12244897959183673,0.8762886597938144,0.4897959183673469,1.0,1.0
25,left_eye,0.0,0.9444444444444444,0.30303030303030304,0.16666666666666666,0.6515151515151515,0.0,1.0,0.6666666666666666,0.6666666666666666,0.9444444444444444,0.3333333333333333,1.0
25,right_eye,0.0,0.5555555555555556,0.359375,0.0,0.703125,0.16666666666666666,1.0,1.0,0.671875,1.0,0.328125,0.8888888888888888
25,top_lip,0.0,0.9324324324324325,0.15822784810126583,0.25675675675675674,0.3924050632911392,0.0,0.5379746835443038,0.05405405405405406,0.6835443037974683,0.02702702702702703,0.8860759493670886,0.2972972972972973,1.0,1.0,0.930379746835443,0.972972972972973,0.6708860759493671,0.35135135135135137,0.5316455696202531,0.33783783783783783,0.3924050632911392,0.32432432432432434,0.06962025316455696,0.9054054054054054
25,bottom_lip,1.0,0.11290322580645161,0.8734177215189873,0.7580645161290323,0.6708860759493671,1.0,0.5126582278481012,1.0,0.34810126582278483,0.9838709677419355,0.13291139240506328,0.7258064516129032,0.0,0.03225806451612903,0.06962025316455696,0.0,0.3670886075949367,0.5483870967741935,0.5126582278481012,0.5806451612903226,0.6645569620253164,0.5645161290322581,0.930379746835443,0.08064516129032258
26,left_eyebrow,0.0,1.0,0.16666666666666666,0.3469387755102041,0.4375,0.02040816326530612,0.7361111111111112,0.0,1.0,0.24489795918367346
26,right_eyebrow,0.0,0.5555555555555556,0.2782608695652174,0.08333333333333333,0.591304347826087,0.0,0.8608695652173913,0.25,1.0,1.0
26,left_eye,0.0,0.7368421052631579,0.31343283582089554,0.10526315789473684,0.6567164179104478,0.0,1.0,0.631578947368421,0.6865671641791045,0.8421052631578947,0.3283582089552239,1.0
26,right_eye,0.0,1.0,0.3050847457627119,0.06666666666666667,0.6779661016949152,0.0,1.0,0.5333333333333333,0.7288135593220338,0.8666666666666667,0.3559322033898305,0.9333333333333333
26,top_lip,0.0,1.0,0.25384615384615383,0.4230769230769231,0.49230769230769234,0.11538461538461539,0.6153846153846154,0.2692307692307692,0.7307692307692307,0.0,0.8769230769230769,0.11538461538461539,1.0,0.4230769230769231,0.9461538461538461,0.46153846153846156,0.7538461538461538,0.6153846153846154,0.6230769230769231,0.7692307692307693,0.5,0.7307692307692307,0.07692307692307693,1.0
26,bottom_lip,1.0,0.0,0.8846153846153846,0.4864864864864865,0.7692307692307693,0.8378378378378378,0.6461538461538462,0.9459459459459459,0.5153846153846153,1.0,0.27692307692307694,0.8108108108108109,0.0,0.40540540540540543,0.07692307692307693,0.40540540540540543,0.5,0.35135135135135137,0.6230769230769231,0.3783783783783784,0.7461538461538462,0.21621621621621623,0.9461538461538461,0.02702702702702703
27,left_eyebrow,0.0,0.2826086956521739,0.23076923076923078,0.0,0.5213675213675214,0.13043478260869565,0.7777777777777778,0.5217391304347826,1.0,1.0
27,right_eyebrow,0.0,0.20689655172413793,0.2833333333333333,0.0,0.5583333333333333,0.0,0.8166666666666667,0.3448275862068966,1.0,1.0
27,left_eye,0.0,0.16666666666666666,0.359375,0.0,0.734375,0.25,1.0,1.0,0.609375,0.8611111111111112,0.21875,0.6388888888888888
27,right_eye,0.0,0.52,0.34375,0.0,0.71875,0.16,1.0,0.76,0.6875,1.0,0.3125,0.88
27,top_lip,0.0,0.2,0.1791044776119403,0.04,0.34328358208955223,0.0,0.4552238805970149,0.32,0.6044776119402985,0.16,0.8208955223880597,0.56,1.0,1.0,0.917910447761194,0.96,0.5970149253731343,0.84,0.44776119402985076,0.88,0.3358208955223881,0.64,0.07462686567164178,0.4
27,bottom_lip,1.0,0.3333333333333333,0.8283582089552238,0.8333333333333334,0.6119402985074627,1.0,0.4626865671641791,0.9833333333333333,0.3208955223880597,0.8833333333333333,0.15671641791044777,0.5666666666666667,0.0,0.0,0.07462686567164178,0.08333333333333333,0.35074626865671643,0.4166666666666667,0.4701492537313433,0.5333333333333333,0.6194029850746269,0.5166666666666667,0.917910447761194,0.31666666666666665
28,left_eyebrow,0.0,1.0,0.1826086956521739,0.2222222222222222,0.45217391304347826,0.0,0.7304347826086957,0.07407407407407407,1.0,0.48148148148148145
28,right_eyebrow,0.0,0.11904761904761904,0.2882882882882883,0.0,0.5855855855855856,0.07142857142857142,0.8468468468468469,0.35714285714285715,1.0,1.0
28,left_eye,0.0,0.48484848484848486,0.29850746268656714,0.0,0.6865671641791045,0.06060606060606061,1.0,0.7878787878787878,0.6417910447761194,1.0,0.23880597014925373,0.9393939393939394
28,right_eye,0.0,0.6060606060606061,0.328125,0.0,0.75,0.06060606060606061,1.0,0.6666666666666666,0.75,1.0,0.328125,0.9393939393939394
28,top_lip,0.0,0.6774193548387096,0.18018018018018017,0.1935483870967742,0.3783783783783784,0.0,0.4954954954954955,0.1935483870967742,0.6396396396396397,0.0967741935483871,0.8198198198198198,0.41935483870967744,1.0,1.0,0.9009009009009009,0.8387096774193549,0.6306306306306306,0.5806451612903226,0.4864864864864865,0.5806451612903226,0.36036036036036034,0.4838709677419355,0.09009009009009009,0.6129032258064516
28,bottom_lip,1.0,0.3870967741935484,0.8018018018018018,0.8709677419354839,0.6126126126126126,1.0,0.4594594594594595,1.0,0.32432432432432434,0.9032258064516129,0.15315315315315314,0.6774193548387096,0.0,0.06451612903225806,0.09009009009009009,0.0,0.35135135135135137,0.0967741935483871,0.4774774774774775,0.22580645161290322,0.6216216216216216,0.1935483870967742,0.9009009009009009,0.22580645161290322
29,left_eyebrow,0.0,1.0,0.18095238095238095,0.2222222222222222,0.42857142857142855,0.0,0.7142857142857143,0.1111111111111111,1.0,0.2777777777777778
29,right_eyebrow,0.0,1.0,0.24812030075187969,0.44,0.49624060150375937,0.08,0.7669172932330827,0.0,1.0,0.56
29,left_eye,0.0,0.5384615384615384,0.3050847457627119,0.38461538461538464,0.6610169491525424,0.0,1.0,0.23076923076923078,0.6949152542372882,0.9230769230769231,0.3389830508474576,1.0
29,right_eye,0.0,0.7894736842105263,0.265625,0.42105263157894735,0.59375,0.2631578947368421,1.0,0.0,0.6875,0.7368421052631579,0.328125,1.0
29,top_lip,0.0,1.0,0.125,0.39473684210526316,0.25,0.07894736842105263,0.375,0.13157894736842105,0.49038461538461536,0.0,0.7403846153846154,0.23684210526315788,1.0,0.6842105263157895,0.8942307692307693,0.631578947368421,0.5288461538461539,0.34210526315789475,0.40384615384615385,0.3684210526315789,0.28846153846153844,0.39473684210526316,0.10576923076923077,0.8421052631578947
29,bottom_lip,1.0,0.08,0.7980769230769231,0.68,0.6057692307692307,0.96,0.46153846153846156,1.0,0.33653846153846156,0.96,0.17307692307692307,0.72,0.0,0.56,0.10576923076923077,0.32,0.28846153846153844,0.2,0.4230769230769231,0.24,0.5480769230769231,0.2,0.8942307692307693,0.0
30,left_eyebrow,0.0,0.8947368421052632,0.2222222222222222,0.05263157894736842,0.48717948717948717,0.0,0.7435897435897436,0.42105263157894735,1.0,1.0
30,right_eyebrow,0.0,0.8421052631578947,0.27884615384615385,0.3157894736842105,0.5480769230769231,0.0,0.8173076923076923,0.10526315789473684,1.0,1.0
30,left_eye,0.0,0.4117647058823529,0.3508771929824561,0.0,0.7192982456140351,0.058823529411764705,1.0,0.8235294117647058,0.6842105263157895,1.0,0.3157894736842105,0.9411764705882353
30,right_eye,0.0,0.7058823529411765,0.3333333333333333,0.0,0.7037037037037037,0.058823529411764705,1.0,0.5882352941176471,0.7222222222222222,1.0,0.35185185185185186,1.0
30,top_lip,0.0,0.9375,0.2358490566037736,0.3125,0.44339622641509435,0.0,0.5660377358490566,0.25,0.7075471698113207,0.0625,0.8490566037735849,0.4375,1.0,0.9375,0.9150943396226415,1.0,0.7075471698113207,0.625,0.5660377358490566,0.6875,0.4339622641509434,0.625,0.08490566037735849,0.9375
30,bottom_lip,1.0,0.0,0.839622641509434,0.72,0.6886792452830188,0.92,0.5471698113207547,1.0,0.4056603773584906,0.96,0.20754716981132076,0.72,0.0,0.0,0.08490566037735849,0.0,0.41509433962264153,0.28,0.5471698113207547,0.32,0.6981132075471698,0.24,0.9150943396226415,0.04
31,left_eyebrow,0.0,1.0,0.2246376811594203,0.4411764705882353,0.4782608695652174,0.0,0.7463768115942029,0.0,1.0,0.2647058823529412
31,right_eyebrow,0.0,0.11538461538461539,0.358974358974359,0.0,0.7435897435897436,0.038461538461538464,1.0,0.34615384615384615,1.0,1.0
31,left_eye,0.0,0.9166666666666666,0.4166666666666667,0.25,0.7708333333333334,0.0,1.0,0.75,0.75,0.9166666666666666,0.4166666666666667,1.0
31,right_eye,0.0,0.1875,0.4827586206896552,0.0,0.896551724137931,0.1875,1.0,1.0,0.7241379310344828,0.875,0.3448275862068966,0.5
31,top_lip,0.0,0.8292682926829268,0.32222222222222224,0.2682926829268293,0.6444444444444445,0.0,0.8111111111111111,0.12195121951219512,0.9333333333333333,0.04878048780487805,1.0,0.34146341463414637,0.9,1.0,0.8444444444444444,0.926829268292683,0.8666666666666667,0.36585365853658536,0.7777777777777778,0.34146341463414637,0.6111111111111112,0.2926829268292683,0.13333333333333333,0.8048780487804879
31,bottom_lip,1.0,0.2222222222222222,0.9876543209876543,0.75,0.8888888888888888,1.0,0.7530864197530864,1.0,0.5555555555555556,0.9166666666666666,0.2716049382716049,0.5833333333333334,0.0,0.027777777777777776,0.14814814814814814,0.0,0.6172839506172839,0.3888888888888889,0.8148148148148148,0.4722222222222222,0.9259259259259259,0.4166666666666667,0.9382716049382716,0.1388888888888889
32,left_eyebrow,0.0,1.0,0.1910828025477707,0.2826086956521739,0.4585987261146497,0.0,0.7452229299363057,0.08695652173913043,1.0,0.45652173913043476
32,right_eyebrow,0.0,0.43902439024390244,0.2909090909090909,0.12195121951219512,0.6,0.0,0.8818181818181818,0.24390243902439024,1.0,1.0
32,left_eye,0.0,0.8260869565217391,0.3373493975903614,0.08695652173913043,0.6867469879518072,0.0,1.0,0.9565217391304348,0.6867469879518072,0.9565217391304348,0.3373493975903614,1.0
32,right_eye,0.0,1.0,0.36619718309859156,0.047619047619047616,0.7183098591549296,0.0,1.0,0.7619047619047619,0.7183098591549296,0.9047619047619048,0.36619718309859156,0.9047619047619048
32,top_lip,0.0,0.9166666666666666,0.26666666666666666,0.375,0.4717948717948718,0.08333333333333333,0.6102564102564103,0.25,0.7230769230769231,0.0,0.8717948717948718,0.25,1.0,0.625,0.9384615384615385,0.7083333333333334,0.7282051282051282,0.625,0.6102564102564103,0.75,0.4717948717948718,0.6666666666666666,0.07692307692307693,1.0
32,bottom_lip,1.0,0.0,0.8769230769230769,0.6585365853658537,0.7487179487179487,0.926829268292683,0.6205128205128205,1.0,0.48205128205128206,0.9512195121951219,0.26666666666666666,0.6829268292682927,0.0,0.17073170731707318,0.07692307692307693,0.21951219512195122,0.47692307692307695,0.43902439024390244,0.6153846153846154,0.4634146341463415,0.7333333333333333,0.3902439024390244,0.9384615384615385,0.04878048780487805
33,left_eyebrow,0.0,1.0,0.17123287671232876,0.4444444444444444,0.4246575342465753,0.09259259259259259,0.726027397260274,0.0,1.0,0.16666666666666666
33,right_eyebrow,0.0,0.27906976744186046,0.2777777777777778,0.0,0.5634920634920635,0.046511627906976744,0.8253968253968254,0.37209302325581395,1.0,1.0
33,left_eye,0.0,0.8,0.3125,0.16,0.6625,0.0,1.0,0.64,0.675,0.88,0.325,1.0
33,right_eye,0.0,0.7272727272727273,0.323943661971831,0.0,0.6901408450704225,0.0,1.0,0.5909090909090909,0.7323943661971831,0.9545454545454546,0.36619718309859156,1.0
33,top_lip,0.0,1.0,0.19708029197080293,0.40298507462686567,0.41605839416058393,0.04477611940298507,0.5328467153284672,0.08955223880597014,0.6423357664233577,0.0,0.8394160583941606,0.2835820895522388,1.0,0.835820895522388,0.8978102189781022,0.7910447761194029,0.6496350364963503,0.5373134328358209,0.5401459854014599,0.5373134328358209,0.4233576642335766,0.5671641791044776,0.12408759124087591,0.9104477611940298
33,bottom_lip,1.0,0.22857142857142856,0.8686131386861314,0.7428571428571429,0.7007299270072993,0.9428571428571428,0.5766423357664233,1.0,0.45255474452554745,0.9714285714285714,0.24087591240875914,0.8857142857142857,0.0,0.5428571428571428,0.12408759124087591,0.37142857142857144,0.43795620437956206,0.0,0.5474452554744526,0.02857142857142857,0.6642335766423357,0.02857142857142857,0.8978102189781022,0.14285714285714285
34,left_eyebrow,0.0,0.9444444444444444,0.20175438596491227,0.1111111111111111,0.47368421052631576,0.0,0.7543859649122807,0.16666666666666666,1.0,1.0
34,right_eyebrow,0.0,0.4230769230769231,0.2523364485981308,0.11538461538461539,0.5420560747663551,0.0,0.8037383177570093,0.19230769230769232,1.0,1.0
34,left_eye,0.0,0.5454545454545454,0.37254901960784315,0.0,0.7254901960784313,0.0,1.0,1.0,0.6666666666666666,0.9090909090909091,0.3137254901960784,0.7272727272727273
34,right_eye,0.0,0.6153846153846154,0.3684210526315789,0.0,0.7368421052631579,0.23076923076923078,1.0,0.9230769230769231,0.6666666666666666,1.0,0.3157894736842105,0.8461538461538461
34,top_lip,0.0,0.7555555555555555,0.12666666666666668,0.2,0.3466666666666667,0.0,0.49333333333333335,0.08888888888888889,0.6466666666666666,0.022222222222222223,0.8666666666666667,0.3333333333333333,1.0,0.9555555555555556,0.94,1.0,0.6333333333333333,0.35555555555555557,0.4866666666666667,0.3333333333333333,0.34,0.28888888888888886,0.06,0.8
34,bottom_lip,1.0,0.09574468085106383,0.8533333333333334,0.7340425531914894,0.64,0.9680851063829787,0.4666666666666667,1.0,0.3,0.925531914893617,0.1,0.6276595744680851,0.0,0.0,0.06,0.02127659574468085,0.32666666666666666,0.6063829787234043,0.49333333333333335,0.6595744680851063,0.6466666666666666,0.648936170212766,0.94,0.11702127659574468
35,left_eyebrow,0.0,1.0,0.16058394160583941,0.125,0.43795620437956206,0.0,0.7226277372262774,0.21875,1.0,0.5625
35,right_eyebrow,0.0,1.0,0.23529411764705882,0.3888888888888889,0.49411764705882355,0.0,0.7705882352941177,0.05555555555555555,1.0,0.6666666666666666
35,left_eye,0.0,0.7727272727272727,0.3023255813953488,0.09090909090909091,0.6511627906976745,0.0,1.0,0.6818181818181818,0.6511627906976745,0.8636363636363636,0.313953488372093,1.0
35,right_eye,0.0,1.0,0.32222222222222224,0.125,0.6555555555555556,0.0,1.0,0.5,0.6888888888888889,0.875,0.36666666666666664,0.9583333333333334
35,top_lip,0.0,0.46153846153846156,0.15765765765765766,0.2692307692307692,0.3063063063063063,0.15384615384615385,0.42342342342342343,0.38461538461538464,0.5630630630630631,0.07692307692307693,0.7702702702702703,0.038461538461538464,1.0,0.0,0.9369369369369369,0.15384615384615385,0.5720720720720721,0.7692307692307693,0.42792792792792794,1.0,0.3063063063063063,0.8461538461538461,0.06756756756756757,0.5769230769230769
35,bottom_lip,1.0,0.0,0.7882882882882883,0.6190476190476191,0.5855855855855856,0.9365079365079365,0.44144144144144143,1.0,0.3108108108108108,0.9365079365079365,0.16216216216216217,0.6984126984126984,0.0,0.19047619047619047,0.06756756756756757,0.23809523809523808,0.3108108108108108,0.5873015873015873,0.4369369369369369,0.6507936507936508,0.5765765765765766,0.5873015873015873,0.9369369369369369,0.06349206349206349
36,left_eyebrow,0.0,0.3125,0.23809523809523808,0.0,0.5158730158730159,0.0625,0.7698412698412699,0.4375,1.0,1.0
36,right_eyebrow,0.0,0.2916666666666667,0.2830188679245283,0.0,0.5754716981132075,0.041666666666666664,0.839622641509434,0.25,1.0,1.0
36,left_eye,0.0,0.25,0.3275862068965517,0.0,0.6896551724137931,0.25,1.0,1.0,0.603448275862069,1.0,0.25862068965517243,0.8
36,right_eye,0.0,0.6111111111111112,0.3275862068965517,0.0,0.6896551724137931,0.1111111111111111,1.0,0.7777777777777778,0.6724137931034483,1.0,0.3275862068965517,0.8888888888888888
36,top_lip,0.0,0.48484848484848486,0.23577235772357724,0.15151515151515152,0.4715447154471545,0.0,0.5934959349593496,0.21212121212121213,0.7073170731707317,0.12121212121212122,0.8780487804878049,0.48484848484848486,1.0,1.0,0.9105691056910569,0.9696969696969697,0.6910569105691057,0.5151515151515151,0.5772357723577236,0.5151515151515151,0.44715447154471544,0.3939393939393939,0.08943089430894309,0.5151515151515151
36,bottom_lip,1.0,0.3541666666666667,0.8292682926829268,0.8333333333333334,0.6585365853658537,1.0,0.5284552845528455,1.0,0.3821138211382114,0.9166666666666666,0.17073170731707318,0.6041666666666666,0.0,0.0,0.08943089430894309,0.020833333333333332,0.42276422764227645,0.3958333333333333,0.5528455284552846,0.4583333333333333,0.6747967479674797,0.4583333333333333,0.9105691056910569,0.3333333333333333
37,left_eyebrow,0.0,1.0,0.22764227642276422,0.25,0.5121951219512195,0.0,0.7804878048780488,0.25,1.0,0.8571428571428571
37,right_eyebrow,0.0,0.5263157894736842,0.27906976744186046,0.15789473684210525,0.627906976744186,0.0,0.9069767441860465,0.21052631578947367,1.0,1.0
37,left_eye,0.0,0.4,0.36363636363636365,0.0,0.7272727272727273,0.1,1.0,0.9,0.6909090909090909,1.0,0.3090909090909091,0.9
37,right_eye,0.0,0.5882352941176471,0.425,0.0,0.8,0.0,1.0,0.5882352941176471,0.775,1.0,0.4,0.9411764705882353
37,top_lip,0.0,0.7777777777777778,0.3645833333333333,0.2777777777777778,0.6979166666666666,0.0,0.8333333333333334,0.2222222222222222,0.9375,0.05555555555555555,1.0,0.3333333333333333,0.96875,1.0,0.9166666666666666,0.9444444444444444,0.9166666666666666,0.8888888888888888,0.8020833333333334,0.9444444444444444,0.6666666666666666,0.8333333333333334,0.10416666666666667,0.7777777777777778
37,bottom_lip,1.0,0.16,0.978494623655914,0.64,0.9139784946236559,0.96,0.7741935483870968,1.0,0.6129032258064516,0.96,0.3225806451612903,0.72,0.0,0.0,0.10752688172043011,0.0,0.6666666666666666,0.16,0.8172043010752689,0.2,0.9247311827956989,0.08,0.946236559139785,0.12
38,left_eyebrow,0.0,1.0,0.12264150943396226,0.42857142857142855,0.3867924528301887,0.07936507936507936,0.7075471698113207,0.0,1.0,0.1746031746031746
38,right_eyebrow,0.0,0.20754716981132076,0.29133858267716534,0.0,0.5905511811023622,0.03773584905660377,0.84251968503937,0.39622641509433965,1.0,1.0
38,left_eye,0.0,0.7931034482758621,0.2727272727272727,0.034482758620689655,0.6515151515151515,0.0,1.0,0.7241379310344828,0.6515151515151515,0.9310344827586207,0.2727272727272727,1.0
38,right_eye,0.0,0.8275862068965517,0.26865671641791045,0.0,0.6716417910447762,0.034482758620689655,1.0,0.6551724137931034,0.7164179104477612,0.9655172413793104,0.31343283582089554,1.0
38,top_lip,0.0,1.0,0.08333333333333333,0.3888888888888889,0.26666666666666666,0.037037037037037035,0.38333333333333336,0.09259259259259259,0.525,0.0,0.7833333333333333,0.3148148148148148,1.0,0.9444444444444444,0.9083333333333333,0.9444444444444444,0.5333333333333333,0.5,0.39166666666666666,0.5185185185185185,0.275,0.5370370370370371,0.08333333333333333,0.9629629629629629
38,bottom_lip,1.0,0.0,0.8166666666666667,0.6875,0.575,0.9583333333333334,0.4166666666666667,1.0,0.275,0.9791666666666666,0.1,0.7083333333333334,0.0,0.0625,0.08333333333333333,0.020833333333333332,0.2833333333333333,0.4166666666666667,0.4083333333333333,0.4583333333333333,0.5583333333333333,0.4375,0.9083333333333333,0.0
39,left_eyebrow,0.0,0.2,0.2403846153846154,0.0,0.49038461538461536,0.15,0.7596153846153846,0.45,1.0,1.0
39,right_eyebrow,0.0,1.0,0.24509803921568626,0.43478260869565216,0.5098039215686274,0.13043478260869565,0.7745098039215687,0.0,1.0,0.30434782608695654
39,left_eye,0.0,0.0,0.3333333333333333,0.8181818181818182,0.65,0.6363636363636364,1.0,0.09090909090909091,0.6833333333333333,0.9090909090909091,0.3333333333333333,1.0
39,right_eye,0.0,0.3333333333333333,0.36666666666666664,0.8333333333333334,0.6666666666666666,0.8333333333333334,1.0,0.0,0.6833333333333333,1.0,0.35,1.0
39,top_lip,0.0,0.4444444444444444,0.2,0.6111111111111112,0.37142857142857144,0.5,0.5142857142857142,0.7222222222222222,0.6476190476190476,0.4444444444444444,0.8095238095238095,0.3333333333333333,1.0,0.0,0.9142857142857143,0.2777777777777778,0.6476190476190476,0.7777777777777778,0.5142857142857142,1.0,0.38095238095238093,0.8888888888888888,0.08571428571428572,0.6666666666666666
39,bottom_lip,1.0,0.0,0.8476190476190476,0.6216216216216216,0.6857142857142857,0.918918918918919,0.5333333333333333,1.0,0.3904761904761905,1.0,0.2,0.7567567567567568,0.0,0.21621621621621623,0.08571428571428572,0.32432432432432434,0.38095238095238093,0.4594594594594595,0.5238095238095238,0.5135135135135135,0.6571428571428571,0.3783783783783784,0.9142857142857143,0.13513513513513514
40,left_eyebrow,0.0,0.4827586206896552,0.21212121212121213,0.0,0.48484848484848486,0.06896551724137931,0.7575757575757576,0.41379310344827586,1.0,1.0
40,right_eyebrow,0.0,1.0,0.24271844660194175,0.3,0.5048543689320388,0.0,0.7669902912621359,0.0,1.0,0.6
40,left_eye,0.0,0.4642857142857143,0.30158730158730157,0.0,0.6825396825396826,0.10714285714285714,1.0,0.9285714285714286,0.6349206349206349,1.0,0.23809523809523808,0.9285714285714286
40,right_eye,0.0,0.88,0.3225806451612903,0.04,0.6935483870967742,0.0,1.0,0.6,0.7258064516129032,0.92,0.3548387096774194,1.0
40,top_lip,0.0,0.17647058823529413,0.20567375886524822,0.17647058823529413,0.3829787234042553,0.058823529411764705,0.5106382978723404,0.29411764705882354,0.6453900709219859,0.0,0.8085106382978723,0.0,1.0,0.11764705882352941,0.9361702127659575,0.29411764705882354,0.6453900709219859,0.8235294117647058,0.5106382978723404,1.0,0.375886524822695,0.8823529411764706,0.07092198581560284,0.4117647058823529
40,bottom_lip,1.0,0.0,0.8156028368794326,0.6363636363636364,0.6524822695035462,0.9090909090909091,0.5106382978723404,1.0,0.375886524822695,0.9696969696969697,0.19858156028368795,0.6666666666666666,0.0,0.030303030303030304,0.07092198581560284,0.15151515151515152,0.3829787234042553,0.3939393939393939,0.5106382978723404,0.42424242424242425,0.6453900709219859,0.36363636363636365,0.9361702127659575,0.09090909090909091
41,left_eyebrow,0.0,1.0,0.1554054054054054,0.46875,0.40540540540540543,0.109375,0.6959459459459459,0.0,1.0,0.015625
41,right_eyebrow,0.0,1.0,0.234375,0.41935483870967744,0.5,0.0,0.7734375,0.0,1.0,0.6129032258064516
41,left_eye,0.0,1.0,0.26582278481012656,0.3225806451612903,0.6075949367088608,0.0,1.0,0.2903225806451613,0.6962025316455697,0.7096774193548387,0.34177215189873417,1.0
41,right_eye,0.0,1.0,0.2608695652173913,0.19230769230769232,0.6376811594202898,0.0,1.0,0.34615384615384615,0.7246376811594203,0.7692307692307693,0.36231884057971014,1.0
41,top_lip,0.0,1.0,0.17006802721088435,0.47126436781609193,0.38095238095238093,0.13793103448275862,0.5306122448979592,0.11494252873563218,0.6462585034013606,0.0,0.8435374149659864,0.11494252873563218,1.0,0.45977011494252873,0.9047619047619048,0.47126436781609193,0.6802721088435374,0.28735632183908044,0.5578231292517006,0.367816091954023,0.41496598639455784,0.41379310344827586,0.10204081632653061,0.9195402298850575
41,bottom_lip,1.0,0.0,0.9319727891156463,0.5443037974683544,0.782312925170068,0.8227848101265823,0.6394557823129252,0.9367088607594937,0.48299319727891155,1.0,0.24489795918367346,0.9493670886075949,0.0,0.5949367088607594,0.10204081632653061,0.5063291139240507,0.43537414965986393,0.5569620253164557,0.5782312925170068,0.5063291139240507,0.7142857142857143,0.4050632911392405,0.9047619047619048,0.012658227848101266
42,left_eyebrow,0.0,1.0,0.06796116504854369,0.6029411764705882,0.30097087378640774,0.3088235294117647,0.6213592233009708,0.11764705882352941,1.0,0.0
42,right_eyebrow,0.0,1.0,0.17985611510791366,0.5679012345679012,0.4172661870503597,0.20987654320987653,0.7050359712230215,0.0,1.0,0.07407407407407407
42,left_eye,0.0,1.0,0.1694915254237288,0.45454545454545453,0.5254237288135594,0.0,1.0,0.0,0.711864406779661,0.48484848484848486,0.3728813559322034,0.8484848484848485
42,right_eye,0.0,1.0,0.15873015873015872,0.4791666666666667,0.5079365079365079,0.125,1.0,0.0,0.746031746031746,0.3958333333333333,0.38095238095238093,0.75
42,top_lip,0.0,1.0,0.09550561797752809,0.797752808988764,0.24719101123595505,0.6179775280898876,0.4101123595505618,0.5617977528089888,0.5337078651685393,0.3707865168539326,0.7640449438202247,0.15730337078651685,1.0,0.0,0.9438202247191011,0.12359550561797752,0.5955056179775281,0.47191011235955055,0.4606741573033708,0.6404494382022472,0.30337078651685395,0.7191011235955056,0.07303370786516854,0.9775280898876404
42,bottom_lip,1.0,0.0,0.9213483146067416,0.5245901639344263,0.7584269662921348,0.8114754098360656,0.6067415730337079,0.9344262295081968,0.43820224719101125,1.0,0.21348314606741572,0.9344262295081968,0.0,0.7295081967213115,0.07303370786516854,0.7131147540983607,0.3539325842696629,0.8032786885245902,0.5112359550561798,0.7540983606557377,0.6573033707865169,0.6311475409836066,0.9438202247191011,0.09016393442622951
43,left_eyebrow,0.0,1.0,0.07017543859649122,0.18181818181818182,0.3508771929824561,0.0,0.6842105263157895,0.22727272727272727,1.0,0.6363636363636364
43,right_eyebrow,0.0,0.6585365853658537,0.24074074074074073,0.21951219512195122,0.5061728395061729,0.0,0.7839506172839507,0.2926829268292683,1.0,1.0
43,left_eye,0.0,0.76,0.1836734693877551,0.04,0.6122448979591837,0.0,1.0,0.76,0.6122448979591837,0.96,0.22448979591836735,1.0
43,right_eye,0.0,0.8148148148148148,0.28169014084507044,0.0,0.6619718309859155,0.0,1.0,0.6296296296296297,0.6901408450704225,1.0,0.30985915492957744,1.0
43,top_lip,0.0,0.625,0.008771929824561403,0.20833333333333334,0.09649122807017543,0.0,0.19298245614035087,0.25,0.32456140350877194,0.08333333333333333,0.6403508771929824,0.4166666666666667,1.0,0.9583333333333334,0.8859649122807017,1.0,0.3508771929824561,0.9166666666666666,0.21052631578947367,0.875,0.11403508771929824,0.7916666666666666,0.07017543859649122,0.625
43,bottom_lip,1.0,0.25806451612903225,0.6578947368421053,0.8064516129032258,0.37719298245614036,1.0,0.22807017543859648,0.967741935483871,0.12280701754385964,0.8387096774193549,0.03508771929824561,0.4838709677419355,0.0,0.0,0.07017543859649122,0.0,0.11403508771929824,0.06451612903225806,0.21052631578947367,0.16129032258064516,0.3508771929824561,0.1935483870967742,0.8859649122807017,0.2903225806451613
44,left_eyebrow,0.0,1.0,0.1951219512195122,0.20833333333333334,0.4715447154471545,0.0,0.7560975609756098,0.125,1.0,0.7083333333333334
44,right_eyebrow,0.0,1.0,0.23275862068965517,0.3103448275862069,0.5086206896551724,0.0,0.8017241379310345,0.10344827586206896,1.0,0.8275862068965517
44,left_eye,0.0,0.55,0.3064516129032258,0.05,0.6612903225806451,0.0,1.0,0.65,0.6612903225806451,0.95,0.3064516129032258,1.0
44,right_eye,0.0,0.8181818181818182,0.3275862068965517,0.09090909090909091,0.7068965517241379,0.0,1.0,0.36363636363636365,0.7413793103448276,0.8636363636363636,0.3793103448275862,1.0
44,top_lip,0.0,1.0,0.24770642201834864,0.47368421052631576,0.42201834862385323,0.05263157894736842,0.5504587155963303,0.2631578947368421,0.6697247706422018,0.0,0.8165137614678899,0.2631578947368421,1.0,0.7894736842105263,0.944954128440367,0.6842105263157895,0.6788990825688074,0.7894736842105263,0.5504587155963303,0.8421052631578947,0.43119266055045874,0.7894736842105263,0.10091743119266056,0.9473684210526315
44,bottom_lip,1.0,0.6363636363636364,0.8348623853211009,0.7727272727272727,0.7247706422018348,0.9090909090909091,0.5963302752293578,1.0,0.46788990825688076,0.9545454545454546,0.28440366972477066,0.9545454545454546,0.0,0.8181818181818182,0.10091743119266056,0.7727272727272727,0.44954128440366975,0.045454545454545456,0.5688073394495413,0.045454545454545456,0.6880733944954128,0.0,0.944954128440367,0.5454545454545454
45,left_eyebrow,0.0,1.0,0.2011173184357542,0.29545454545454547,0.4692737430167598,0.0,0.7541899441340782,0.1590909090909091,1.0,0.5454545454545454
45,right_eyebrow,0.0,0.8275862068965517,0.2706766917293233,0.27586206896551724,0.5789473684210527,0.0,0.8421052631578947,0.20689655172413793,1.0,1.0
45,left_eye,0.0,0.5909090909090909,0.32,0.0,0.68,0.0,1.0,0.8181818181818182,0.6933333333333334,0.9545454545454546,0.32,1.0
45,right_eye,0.0,0.9047619047619048,0.30985915492957744,0.14285714285714285,0.6901408450704225,0.0,1.0,0.5714285714285714,0.704225352112676,1.0,0.3380281690140845,1.0
45,top_lip,0.0,0.96,0.2303370786516854,0.4,0.46629213483146065,0.08,0.601123595505618,0.2,0.7191011235955056,0.0,0.8595505617977528,0.16,1.0,0.68,0.9269662921348315,0.76,0.7247191011235955,0.52,0.6067415730337079,0.64,0.47191011235955055,0.64,0.06179775280898876,1.0
45,bottom_lip,1.0,0.0,0.8707865168539326,0.6136363636363636,0.7415730337078652,0.8863636363636364,0.6179775280898876,0.9772727272727273,0.48314606741573035,1.0,0.24719101123595505,0.7954545454545454,0.0,0.1590909090909091,0.06179775280898876,0.18181818181818182,0.47191011235955055,0.5454545454545454,0.6123595505617978,0.5,0.7303370786516854,0.4318181818181818,0.9269662921348315,0.045454545454545456
46,left_eyebrow,0.0,1.0,0.2222222222222222,0.35294117647058826,0.49019607843137253,0.0,0.7647058823529411,0.17647058823529413,1.0,0.6470588235294118
46,right_eyebrow,0.0,0.1388888888888889,0.40384615384615385,0.0,0.75,0.1111111111111111,1.0,0.4722222222222222,0.9423076923076923,1.0
46,left_eye,0.0,0.4166666666666667,0.4,0.0,0.7538461538461538,0.08333333333333333,1.0,0.9583333333333334,0.676923076923077,1.0,0.3384615384615385,0.8333333333333334
46,right_eye,0.0,0.43478260869565216,0.4222222222222222,0.0,0.8222222222222222,0.13043478260869565,1.0,0.8695652173913043,0.7777777777777778,1.0,0.4,0.8260869565217391
46,top_lip,0.0,0.5789473684210527,0.29914529914529914,0.13157894736842105,0.5982905982905983,0.0,0.7435897435897436,0.15789473684210525,0.8803418803418803,0.10526315789473684,1.0,0.39473684210526316,0.9572649572649573,1.0,0.8888888888888888,0.9473684210526315,0.8547008547008547,0.5263157894736842,0.717948717948718,0.5,0.5726495726495726,0.4473684210526316,0.10256410256410256,0.5789473684210527
46,bottom_lip,1.0,0.36363636363636365,0.9642857142857143,0.7954545454545454,0.8392857142857143,1.0,0.6875,1.0,0.5178571428571429,0.9090909090909091,0.25,0.5681818181818182,0.0,0.0,0.10714285714285714,0.0,0.5625,0.36363636363636365,0.7232142857142857,0.4772727272727273,0.8660714285714286,0.45454545454545453,0.9285714285714286,0.3181818181818182
47,left_eyebrow,0.0,1.0,0.16379310344827586,0.37209302325581395,0.43103448275862066,0.023255813953488372,0.7241379310344828,0.0,1.0,0.20930232558139536
47,right_eyebrow,0.0,0.40625,0.2627118644067797,0.0625,0.5423728813559322,0.0,0.8135593220338984,0.28125,1.0,1.0
47,left_eye,0.0,0.8,0.31666666666666665,0.2,0.6666666666666666,0.0,1.0,0.4666666666666667,0.6833333333333333,0.8666666666666667,0.31666666666666665,1.0
47,right_eye,0.0,0.5833333333333334,0.32786885245901637,0.0,0.6721311475409836,0.0,1.0,0.5833333333333334,0.6885245901639344,1.0,0.3442622950819672,1.0
47,top_lip,0.0,1.0,0.1262135922330097,0.3269230769230769,0.34951456310679613,0.019230769230769232,0.5145631067961165,0.07692307692307693,0.6504854368932039,0.0,0.8640776699029126,0.25,1.0,0.8653846153846154,0.9029126213592233,0.8076923076923077,0.6601941747572816,0.40384615384615385,0.5145631067961165,0.4423076923076923,0.3592233009708738,0.4230769230769231,0.0970873786407767,0.9230769230769231
47,bottom_lip,1.0,0.09375,0.883495145631068,0.625,0.6893203883495146,0.90625,0.5339805825242718,1.0,0.3592233009708738,0.96875,0.14563106796116504,0.75,0.0,0.3125,0.0970873786407767,0.1875,0.3592233009708738,0.125,0.5242718446601942,0.15625,0.6699029126213593,0.09375,0.9029126213592233,0.0
48,left_eyebrow,0.0,0.5333333333333333,0.2558139534883721,0.1,0.5348837209302325,0.0,0.7906976744186046,0.4666666666666667,1.0,1.0
48,right_eyebrow,0.0,0.35,0.32,0.1,0.66,0.0,0.94,0.35,1.0,1.0
48,left_eye,0.0,0.25,0.4423076923076923,0.0,0.7692307692307693,0.125,1.0,1.0,0.7115384615384616,0.875,0.36538461538461536,0.625
48,right_eye,0.0,0.38461538461538464,0.4444444444444444,0.0,0.7777777777777778,0.3076923076923077,1.0,0.9230769230769231,0.6944444444444444,1.0,0.3333333333333333,0.6923076923076923
48,top_lip,0.0,0.52,0.39285714285714285,0.2,0.7142857142857143,0.0,0.8452380952380952,0.2,0.9642857142857143,0.12,1.0,0.4,0.9047619047619048,1.0,0.8452380952380952,1.0,0.9166666666666666,0.72,0.8095238095238095,0.72,0.6785714285714286,0.64,0.11904761904761904,0.56
48,bottom_lip,1.0,0.3870967741935484,0.9868421052631579,0.7419354838709677,0.9078947368421053,1.0,0.7894736842105263,1.0,0.631578947368421,0.9354838709677419,0.3157894736842105,0.6451612903225806,0.0,0.0,0.13157894736842105,0.03225806451612903,0.7105263157894737,0.22580645161290322,0.8552631578947368,0.3225806451612903,0.9736842105263158,0.25806451612903225,0.9342105263157895,0.3870967741935484
49,left_eyebrow,0.0,1.0,0.012048192771084338,0.547945205479452,0.26506024096385544,0.2602739726027397,0.6024096385542169,0.0684931506849315,1.0,0.0
49,right_eyebrow,0.0,1.0,0.20754716981132076,0.5,0.4528301886792453,0.12,0.7358490566037735,0.0,1.0,0.28
49,left_eye,0.0,1.0,0.05454545454545454,0.23809523809523808,0.4909090909090909,0.0,1.0,0.30952380952380953,0.6363636363636364,0.6428571428571429,0.23636363636363636,0.9523809523809523
49,right_eye,0.0,1.0,0.15942028985507245,0.22916666666666666,0.5652173913043478,0.0,1.0,0.22916666666666666,0.7391304347826086,0.5833333333333334,0.34782608695652173,0.8333333333333334
49,top_lip,0.036036036036036036,1.0,0.0,0.5205479452054794,0.0990990990990991,0.1917808219178082,0.23423423423423423,0.1506849315068493,0.34234234234234234,0.0,0.6576576576576577,0.0,1.0,0.1232876712328767,0.8648648648648649,0.1917808219178082,0.43243243243243246,0.3013698630136986,0.3153153153153153,0.410958904109589,0.1891891891891892,0.5068493150684932,0.12612612612612611,0.9041095890410958
49,bottom_lip,1.0,0.0,0.8130841121495327,0.43478260869565216,0.5981308411214953,0.7246376811594203,0.4485981308411215,0.8695652173913043,0.308411214953271,0.9565217391304348,0.14018691588785046,1.0,0.0,0.927536231884058,0.09345794392523364,0.8260869565217391,0.19626168224299065,0.5652173913043478,0.32710280373831774,0.4492753623188406,0.45794392523364486,0.3333333333333333,0.8598130841121495,0.07246376811594203
50,left_eyebrow,0.0,0.8636363636363636,0.20388349514563106,0.13636363636363635,0.47572815533980584,0.0,0.7378640776699029,0.4090909090909091,1.0,1.0
50,right_eyebrow,0.0,0.34615384615384615,0.26548672566371684,0.038461538461538464,0.5398230088495575,0.0,0.8141592920353983,0.23076923076923078,1.0,1.0
50,left_eye,0.0,0.35294117647058826,0.3584905660377358,0.0,0.6981132075471698,0.17647058823529413,1.0,1.0,0.6415094339622641,0.8235294117647058,0.3018867924528302,0.6470588235294118
50,right_eye,0.0,0.8181818181818182,0.3333333333333333,0.0,0.6851851851851852,0.2727272727272727,1.0,0.9090909090909091,0.6481481481481481,1.0,0.3148148148148148,0.8181818181818182
50,top_lip,0.0,0.25,0.18045112781954886,0.0,0.3609022556390977,0.0,0.49624060150375937,0.3125,0.6466165413533834,0.125,0.8345864661654135,0.3125,1.0,0.875,0.9473684210526315,1.0,0.631578947368421,0.9375,0.48872180451127817,1.0,0.3458646616541353,0.8125,0.06015037593984962,0.5
50,bottom_lip,1.0,0.1694915254237288,0.8270676691729323,0.7288135593220338,0.6165413533834586,0.9661016949152542,0.45864661654135336,1.0,0.3082706766917293,0.9152542372881356,0.13533834586466165,0.6101694915254238,0.0,0.0,0.06015037593984962,0.06779661016949153,0.3308270676691729,0.5932203389830508,0.48120300751879697,0.6440677966101694,0.631578947368421,0.6271186440677966,0.9473684210526315,0.2033898305084746
51,left_eyebrow,0.0,1.0,0.20833333333333334,0.07692307692307693,0.47619047619047616,0.0,0.75,0.23076923076923078,1.0,0.8846153846153846
51,right_eyebrow,0.0,1.0,0.25139664804469275,0.2692307692307692,0.5083798882681564,0.0,0.7821229050279329,0.07692307692307693,1.0,0.9230769230769231
51,left_eye,0.0,0.45714285714285713,0.3125,0.0,0.7083333333333334,0.02857142857142857,1.0,0.7714285714285715,0.6770833333333334,1.0,0.28125,0.9714285714285714
51,right_eye,0.0,0.8,0.3229166666666667,0.02857142857142857,0.6979166666666666,0.0,1.0,0.4857142857142857,0.7291666666666666,0.9428571428571428,0.3541666666666667,1.0
51,top_lip,0.0,0.75,0.17277486910994763,0.21875,0.3507853403141361,0.0,0.4712041884816754,0.125,0.6020942408376964,0.0,0.8010471204188482,0.34375,1.0,0.96875,0.9267015706806283,1.0,0.6073298429319371,0.8125,0.4712041884816754,0.875,0.34554973821989526,0.8125,0.08900523560209424,0.78125
51,bottom_lip,1.0,0.12280701754385964,0.8219895287958116,0.7192982456140351,0.6230366492146597,0.9473684210526315,0.4816753926701571,1.0,0.3403141361256545,0.9473684210526315,0.16230366492146597,0.6491228070175439,0.0,0.0,0.08900523560209424,0.017543859649122806,0.3507853403141361,0.2631578947368421,0.4816753926701571,0.2807017543859649,0.6178010471204188,0.2807017543859649,0.9267015706806283,0.14035087719298245
52,left_eyebrow,0.0,1.0,0.19008264462809918,0.42105263157894735,0.45454545454545453,0.05263157894736842,0.743801652892562,0.0,1.0,0.10526315789473684
52,right_eyebrow,0.0,1.0,0.27631578947368424,0.38095238095238093,0.5526315789473685,0.0,0.8421052631578947,0.09523809523809523,1.0,0.8095238095238095
52,left_eye,0.0,0.8823529411764706,0.3333333333333333,0.29411764705882354,0.6842105263157895,0.0,1.0,0.23529411764705882,0.7368421052631579,0.6470588235294118,0.38596491228070173,1.0
52,right_eye,0.0,1.0,0.35714285714285715,0.25,0.7380952380952381,0.0,1.0,0.25,0.8095238095238095,0.8125,0.4523809523809524,1.0
52,top_lip,0.0,1.0,0.23076923076923078,0.4666666666666667,0.4835164835164835,0.15555555555555556,0.6373626373626373,0.17777777777777778,0.7692307692307693,0.0,0.9340659340659341,0.13333333333333333,1.0,0.4666666666666667,0.9120879120879121,0.4666666666666667,0.7802197802197802,0.5111111111111111,0.6373626373626373,0.6,0.4945054945054945,0.6666666666666666,0.12087912087912088,0.9111111111111111
52,bottom_lip,1.0,0.0,0.9560439560439561,0.4666666666666667,0.8241758241758241,0.8,0.6703296703296703,0.9555555555555556,0.5054945054945055,1.0,0.26373626373626374,0.8666666666666667,0.0,0.5333333333333333,0.12087912087912088,0.4444444444444444,0.5054945054945055,0.28888888888888886,0.6483516483516484,0.24444444444444444,0.7912087912087912,0.1111111111111111,0.9120879120879121,0.0
