smile,252,422,290,400,327,392,350,397,373,395,400,408,420,430,410,431,372,409,349,409,326,406,261,423,420,430,397,453,371,463,347,463,322,460,288,447,252,422,261,423,324,439,347,442,370,442,410,431
smile,207,468,229,467,247,462,261,465,276,460,301,461,333,457,321,462,278,471,262,474,248,473,218,472,333,457,304,481,282,492,265,495,250,494,231,487,207,468,218,472,249,475,264,475,279,472,321,462
smile,253,488,284,489,310,487,327,491,342,486,363,487,389,485,379,489,343,499,327,502,310,500,263,491,389,485,364,510,343,521,327,524,309,522,283,511,253,488,263,491,309,499,327,501,342,498,379,489
smile,278,459,314,461,341,457,354,460,367,455,382,455,402,450,393,455,368,465,355,470,341,469,289,461,402,450,384,472,371,484,357,488,342,488,315,480,278,459,289,461,342,471,356,472,369,468,393,455
smile,209,425,238,428,267,431,293,437,320,432,357,429,397,431,386,434,321,444,294,448,267,442,220,430,397,431,362,482,324,504,295,506,266,501,236,474,209,425,220,430,267,468,295,474,322,471,386,434
smile,186,451,219,430,256,423,283,428,311,424,349,433,385,453,373,453,311,441,283,442,256,440,197,451,385,453,350,484,312,499,283,502,254,498,218,481,186,451,197,451,255,474,283,477,311,475,373,453
smile,217,441,239,425,264,422,284,427,305,423,332,427,349,446,342,447,304,432,283,434,263,431,226,443,349,446,331,481,303,494,281,497,260,494,236,480,217,441,226,443,262,477,282,480,304,478,342,447
smile,256,469,280,436,311,418,335,417,358,409,394,414,429,432,418,433,362,424,339,431,315,433,267,464,429,432,405,468,375,487,351,494,325,498,291,494,256,469,267,464,319,472,343,468,367,462,418,433
smile,178,459,192,455,210,455,227,458,247,455,289,455,335,456,325,460,249,470,228,472,211,469,189,465,335,456,296,498,256,515,234,516,215,513,197,494,178,459,189,465,214,490,232,494,253,494,325,460
smile,238,460,260,451,283,447,299,452,315,449,333,458,346,469,338,469,314,468,298,469,281,465,247,461,346,469,330,490,312,498,294,499,276,496,255,485,238,460,247,461,280,469,296,472,313,470,338,469
smile,198,437,214,429,237,425,260,427,284,420,326,418,367,424,358,426,287,433,262,438,238,437,208,440,367,424,334,472,295,492,268,497,244,495,219,481,198,437,208,440,241,474,266,477,291,472,358,426
smile,191,408,210,407,227,409,240,419,258,419,289,435,322,451,310,450,255,438,237,434,223,427,202,414,322,451,283,468,249,471,230,466,214,456,202,435,191,408,202,414,221,432,236,441,254,445,310,450
smile,270,490,295,468,325,452,345,454,363,446,394,450,423,459,411,462,366,462,347,467,328,469,281,488,423,459,402,498,376,519,355,526,334,528,301,519,270,490,281,488,330,504,350,502,370,496,411,462
smile,181,421,216,422,248,419,272,423,298,418,340,421,388,418,375,422,298,428,273,431,249,429,195,427,388,418,344,461,304,480,277,482,252,480,218,462,181,421,195,427,251,458,275,461,301,459,375,422
smile,199,485,219,472,241,463,264,462,284,452,317,448,353,448,342,452,288,464,267,472,244,474,210,485,353,448,329,482,301,502,278,510,254,512,228,505,199,485,210,485,249,486,272,485,294,477,342,452
smile,227,456,255,439,285,428,308,429,330,421,363,421,396,428,385,433,333,437,310,443,287,445,239,457,396,428,372,469,343,490,319,497,294,498,261,489,227,456,239,457,291,470,314,469,338,463,385,433
smile,224,447,265,446,306,451,323,461,344,462,365,470,378,485,368,488,339,478,319,475,300,468,234,453,378,485,352,520,326,533,303,532,282,523,250,496,224,447,234,453,293,499,313,506,334,507,368,488
smile,146,408,160,400,180,400,197,405,221,404,256,409,293,425,285,425,219,413,196,413,178,408,153,411,293,425,253,451,215,461,191,462,171,457,156,441,146,408,153,411,175,439,194,445,218,444,285,425
smile,234,450,260,442,282,441,299,445,314,443,335,449,357,460,347,461,312,457,297,457,280,454,245,451,357,460,332,483,310,487,294,486,276,482,255,473,234,450,245,451,279,464,296,468,312,468,347,461
smile,220,446,253,444,283,446,305,451,328,448,354,450,379,455,369,458,328,456,305,458,282,454,230,450,379,455,353,483,326,493,303,494,279,491,249,477,220,446,230,450,281,475,304,479,327,477,369,458
smile,206,427,238,429,268,431,291,437,313,434,344,436,376,439,365,442,313,448,290,451,267,445,218,433,376,439,343,483,311,501,287,504,262,499,233,476,206,427,218,433,265,472,289,477,312,474,365,442
smile,236,447,264,437,293,431,316,431,336,424,368,419,398,418,390,423,339,432,319,439,296,440,245,448,398,418,377,457,351,478,329,485,305,488,272,479,236,447,245,448,300,472,324,470,345,463,390,423
smile,246,404,289,401,326,403,344,409,362,407,382,412,397,421,386,422,360,416,342,417,324,413,256,406,397,421,376,450,354,462,334,462,314,457,281,440,246,404,256,406,318,439,338,443,357,442,386,422
smile,218,432,259,423,296,423,317,429,338,429,363,440,383,459,373,460,335,442,314,441,293,436,227,435,383,459,355,487,326,496,304,494,281,487,248,468,218,432,227,435,286,469,309,474,330,475,373,460
smile,200,437,232,417,268,411,293,417,321,414,361,424,398,449,384,450,321,434,293,434,267,431,213,440,398,449,362,490,321,507,292,509,263,504,228,482,200,437,213,440,265,476,293,482,321,480,384,450
smile,202,447,231,442,261,442,280,449,299,450,320,461,339,479,330,478,295,462,276,460,257,454,210,450,339,479,311,501,286,508,266,506,245,499,220,482,202,447,210,450,252,479,272,485,292,487,330,478
smile,171,432,224,426,276,421,302,429,334,418,378,420,417,420,397,429,334,447,302,455,275,453,190,440,417,420,382,486,339,519,305,524,277,523,222,499,171,432,190,440,277,468,304,473,337,464,397,429
smile,210,465,239,459,267,456,286,459,306,453,333,453,362,455,354,459,307,464,287,468,268,467,218,468,362,455,338,496,312,513,290,518,270,516,240,502,210,465,218,468,269,495,289,496,310,492,354,459
smile,213,397,240,383,267,378,287,385,309,383,336,394,364,413,353,412,308,395,286,394,266,390,223,398,364,413,333,432,305,436,282,436,261,431,236,420,213,397,223,398,264,415,285,418,307,419,353,412
smile,155,447,168,444,185,443,199,447,218,445,253,449,295,455,285,457,218,456,199,456,184,453,166,453,295,455,255,485,220,497,199,498,183,494,169,478,155,447,166,453,185,474,200,479,220,479,285,457
smile,237,454,267,427,303,412,329,415,356,407,392,415,425,434,409,436,359,435,331,440,305,441,253,453,425,434,400,472,367,495,338,501,309,501,272,485,237,454,253,453,307,461,334,462,362,455,409,436
smile,243,467,274,453,305,441,326,438,343,429,371,424,397,421,389,427,348,442,329,451,309,455,252,466,397,421,384,462,362,487,343,497,320,502,283,496,243,467,252,466,314,478,335,474,354,465,389,427
smile,224,472,247,464,273,453,297,450,321,436,365,423,412,407,402,416,329,451,303,463,280,468,236,474,412,407,388,463,355,498,328,512,302,516,266,504,224,472,236,474,291,491,315,488,342,476,402,416
smile,276,447,308,419,347,400,375,396,397,383,433,377,462,381,453,388,404,400,381,411,354,418,287,445,462,381,453,443,427,482,401,495,371,501,324,490,276,447,287,445,361,471,390,466,415,453,453,388
smile,233,417,263,413,297,412,322,417,346,410,380,410,409,415,398,420,347,426,322,430,297,427,243,422,409,415,383,466,351,490,324,494,296,491,263,467,233,417,243,422,297,460,323,464,349,459,398,420
smile,234,477,263,474,290,467,310,468,327,460,356,458,390,452,379,459,329,476,311,481,291,482,247,480,390,452,362,482,336,498,317,504,296,505,268,498,234,477,247,480,294,483,313,482,332,477,379,459
smile,202,431,227,421,257,416,280,419,305,414,342,417,380,425,368,429,306,427,281,431,257,428,213,435,380,425,345,460,309,477,282,481,257,478,228,463,202,431,213,435,257,458,282,461,307,457,368,429
smile,167,442,194,417,229,406,259,409,289,400,336,402,383,417,369,420,294,429,262,436,232,436,180,445,383,417,347,477,305,504,273,511,241,510,202,488,167,442,180,445,237,467,268,469,299,462,369,420
smile,212,436,237,421,267,408,293,406,316,396,355,392,397,395,388,400,320,407,297,415,272,419,222,437,397,395,369,436,335,458,310,466,283,471,248,466,212,436,222,437,277,453,303,449,328,441,388,400
smile,201,457,233,460,265,462,289,467,311,463,341,461,372,458,362,462,311,473,288,477,265,472,211,461,372,458,342,502,312,521,288,525,263,521,232,501,201,457,211,461,263,500,288,504,311,499,362,462
smile,189,448,201,437,220,429,233,432,247,428,278,435,315,442,302,446,249,449,235,450,221,449,199,450,315,442,279,466,250,477,234,479,219,478,202,468,189,448,199,450,219,452,232,452,246,451,302,446
smile,220,449,262,436,299,423,323,424,347,415,386,413,427,410,414,416,351,429,325,437,301,439,234,449,427,410,395,453,361,474,335,483,309,486,269,480,220,449,234,449,305,462,330,459,355,451,414,416
smile,262,463,292,462,322,462,345,462,364,454,391,441,419,430,409,437,367,457,347,466,325,466,271,465,419,430,401,472,377,496,355,505,332,507,297,496,262,463,271,465,328,492,350,490,371,481,409,437
smile,217,477,242,476,266,473,282,477,299,473,328,476,360,476,350,479,299,487,283,489,266,486,229,480,360,476,331,500,301,513,283,514,265,512,242,500,217,477,229,480,266,487,283,490,300,489,350,479
smile,222,438,255,431,287,433,308,440,327,439,349,445,368,459,358,459,325,451,305,450,284,445,229,440,368,459,343,492,317,503,295,502,274,497,245,478,222,438,229,440,279,477,300,481,321,480,358,459
smile,218,432,261,425,303,423,330,427,357,424,392,428,424,438,412,440,356,435,329,438,302,434,230,435,424,438,391,475,355,493,326,495,297,491,256,472,218,432,230,435,299,470,327,474,355,471,412,440
smile,179,445,197,433,220,429,238,435,258,433,294,442,331,455,320,457,258,449,238,448,220,445,188,447,331,455,293,486,258,495,237,495,217,490,195,472,179,445,188,447,219,468,237,472,258,473,320,457
smile,164,438,160,415,172,403,189,401,206,393,246,392,291,403,283,407,211,408,194,414,178,418,170,436,291,403,260,449,228,468,209,473,192,474,175,461,164,438,170,436,185,453,201,454,218,450,283,407
smile,203,427,221,429,243,435,258,444,279,445,307,453,336,460,326,461,276,454,256,452,240,444,211,433,336,460,300,487,267,493,246,490,229,482,212,462,203,427,211,433,235,465,251,473,272,477,326,461
smile,194,466,206,471,217,475,230,481,243,478,274,477,307,475,299,476,244,486,230,487,218,481,201,471,307,475,278,504,248,515,233,513,220,508,209,493,194,466,201,471,220,490,233,497,246,497,299,476
smile,270,498,293,483,317,473,337,477,356,468,390,472,432,476,420,480,360,486,339,490,320,489,283,497,432,476,402,505,369,512,347,516,328,516,300,509,270,498,283,497,323,490,342,491,362,489,420,480
smile,190,407,236,420,273,429,292,440,317,440,350,448,384,450,369,452,313,459,288,457,268,448,204,415,384,450,339,480,300,491,274,488,252,478,220,453,190,407,204,415,261,452,282,461,307,463,369,452
smile,205,439,234,431,264,426,287,428,310,421,341,418,369,420,360,425,312,433,288,439,266,438,214,441,369,420,347,460,318,484,294,490,270,489,237,475,205,439,214,441,268,468,291,469,315,462,360,425
smile,221,450,248,436,276,430,301,433,324,425,359,423,389,428,379,432,327,438,303,444,279,444,231,451,389,428,367,467,338,492,312,500,287,498,255,483,221,450,231,451,283,478,308,479,333,473,379,432
smile,223,447,250,444,275,444,294,450,312,448,337,454,361,462,351,463,311,459,293,458,274,454,234,451,361,462,335,488,308,496,288,496,269,492,245,478,223,447,234,451,271,475,290,478,309,478,351,463
smile,223,469,248,458,275,450,295,451,315,446,346,449,381,455,370,459,317,457,297,462,277,462,235,471,381,455,353,488,324,504,302,507,281,507,252,496,223,469,235,471,279,488,300,489,321,486,370,459
smile,246,405,288,393,327,397,349,407,373,410,397,426,413,452,403,450,369,422,346,417,322,408,254,409,413,452,383,480,355,485,330,480,305,471,273,447,246,405,254,409,313,455,337,464,362,468,403,450
smile,300,474,343,439,382,417,405,417,424,407,450,412,471,427,458,430,428,430,408,436,386,440,314,468,471,427,459,454,440,474,418,484,394,489,351,489,300,474,314,468,388,461,411,456,432,447,458,430
smile,279,456,316,450,349,449,368,455,384,451,403,456,416,462,407,464,383,460,367,461,347,459,286,458,416,462,397,490,379,501,361,503,340,499,309,484,279,456,286,458,343,482,363,485,380,483,407,464
smile,231,473,262,459,293,449,315,451,335,445,369,450,400,460,389,463,337,459,317,463,295,463,244,474,400,460,377,496,346,510,324,514,301,513,268,501,231,473,244,474,299,492,321,493,342,491,389,463
smile,216,456,247,466,273,471,292,478,313,476,336,478,361,473,351,477,311,485,290,486,270,481,225,463,361,473,332,495,307,504,285,505,264,500,241,485,216,456,225,463,269,480,288,486,310,485,351,477
smile,275,486,275,457,291,437,308,433,323,422,355,419,388,429,380,432,331,435,315,445,298,451,283,480,388,429,375,465,353,493,334,504,315,511,292,504,275,486,283,480,306,487,324,481,341,473,380,432
smile,238,507,232,498,239,487,260,484,277,470,316,456,364,442,353,450,288,479,270,490,250,494,246,505,364,442,342,482,314,509,294,520,273,525,256,520,238,507,246,505,258,502,279,498,297,488,353,450
smile,281,416,329,394,375,385,395,390,411,388,425,399,423,424,417,424,408,402,392,402,372,399,290,416,423,424,416,463,401,483,382,486,360,482,319,463,281,416,290,416,365,460,386,462,403,458,417,424
smile,192,414,223,390,257,379,284,382,311,374,346,378,382,393,370,394,313,391,285,397,259,398,204,414,382,393,353,430,320,446,291,452,263,454,226,445,192,414,204,414,262,430,288,430,316,424,370,394
smile,314,443,359,435,401,435,421,438,439,434,452,430,457,434,452,436,437,438,420,442,399,441,321,443,457,434,447,460,434,479,415,485,393,485,353,476,314,443,321,443,396,475,417,474,435,466,452,436
smile,233,471,268,466,298,462,321,467,341,464,367,468,394,473,384,475,340,473,320,475,298,472,245,473,394,473,366,493,339,503,318,504,295,502,266,492,233,471,245,473,297,486,319,488,339,486,384,475
smile,532,200,537,197,541,196,543,197,545,197,548,198,549,203,547,202,545,199,543,199,540,198,534,200,549,203,547,204,544,204,542,204,539,203,536,202,532,200,534,200,540,201,542,201,544,202,547,202
smile,203,459,209,447,224,440,241,442,259,434,293,432,334,433,325,437,263,447,244,453,227,453,212,458,334,433,303,464,274,481,254,487,236,487,218,479,203,459,212,458,231,464,248,464,268,460,325,437
smile,225,464,244,446,273,434,306,434,332,422,377,413,426,412,413,418,339,434,311,444,279,446,239,463,426,412,395,458,356,484,327,495,293,498,259,492,225,464,239,463,285,476,318,474,346,465,413,418
smile,268,437,305,396,351,371,383,369,408,358,449,361,479,389,468,393,412,376,387,384,356,389,279,434,479,389,462,450,427,486,398,497,365,501,314,487,268,437,279,434,359,473,390,469,418,456,468,393
smile,321,459,362,450,395,448,412,450,425,446,436,444,442,447,436,450,424,454,411,457,394,458,329,459,442,447,436,466,426,480,412,484,394,485,361,481,321,459,329,459,395,469,412,467,425,463,436,450
smile,209,439,221,429,237,422,257,422,279,413,324,408,376,407,367,412,284,425,261,432,242,433,220,442,376,407,338,451,299,472,274,479,253,479,232,468,209,439,220,442,247,461,268,461,291,456,367,412
smile,217,493,244,493,271,490,293,493,313,487,342,484,372,480,362,486,314,498,294,503,272,502,227,498,372,480,349,523,322,544,300,549,277,548,247,530,217,493,227,498,275,522,297,524,318,519,362,486
smile,215,470,233,448,255,436,274,439,294,433,323,441,352,458,343,458,295,452,275,454,256,455,224,468,352,458,326,483,300,494,278,497,258,497,236,489,215,470,224,468,258,475,277,476,297,473,343,458
smile,236,386,281,382,327,389,357,401,385,400,415,405,437,420,426,421,383,410,354,410,324,401,247,391,437,420,406,465,372,482,341,482,309,472,267,441,236,386,247,391,316,446,346,454,376,454,426,421
smile,173,437,188,434,205,433,219,439,236,437,266,446,300,459,291,458,234,450,218,449,203,444,182,442,300,459,264,482,231,489,213,488,198,481,184,465,173,437,182,442,201,462,216,468,233,470,291,458
smile,343,483,374,465,401,451,411,453,418,448,427,455,430,467,423,469,416,468,410,470,400,472,353,481,430,467,426,481,418,494,409,498,398,500,374,496,343,483,353,481,400,476,410,474,417,471,423,469
smile,189,445,210,446,235,445,257,450,279,444,315,444,355,439,344,445,280,462,258,466,236,462,200,452,355,439,321,481,286,500,261,503,238,499,212,481,189,445,200,452,236,470,259,474,282,471,344,445
smile,242,444,281,444,316,449,338,456,360,456,383,461,404,469,394,471,357,468,336,467,313,460,251,448,404,469,378,504,351,514,328,512,303,506,271,485,242,444,251,448,309,484,332,490,354,490,394,471
smile,243,422,283,419,321,419,336,426,352,425,370,434,378,447,369,449,348,436,332,435,316,430,251,426,378,447,357,480,335,495,317,495,299,490,268,467,243,422,251,426,307,470,324,474,340,472,369,449
smile,245,460,283,470,313,474,328,483,344,481,357,487,367,493,358,494,340,495,324,495,308,489,255,466,367,493,347,508,331,516,314,515,297,509,273,491,245,460,255,466,304,488,321,494,337,494,358,494
smile,215,437,259,445,295,446,315,453,335,448,370,452,411,447,396,454,335,465,315,467,295,462,229,444,411,447,367,471,331,477,311,477,290,473,255,462,215,437,229,444,293,459,313,463,332,462,396,454
smile,207,436,249,441,285,442,303,449,324,445,349,448,374,448,362,451,323,459,302,461,283,457,219,441,374,448,343,475,317,488,295,490,274,487,243,471,207,436,219,441,279,464,298,468,319,465,362,451
smile,213,443,241,427,271,417,296,418,318,411,350,413,383,423,371,426,321,426,297,431,273,432,224,443,383,423,357,459,327,476,302,481,277,482,244,472,213,443,224,443,275,460,299,459,323,454,371,426
smile,182,422,214,399,250,387,282,387,312,377,355,371,400,375,385,383,317,399,285,408,254,410,194,422,400,375,369,430,330,462,297,472,264,474,222,462,182,422,194,422,258,441,291,439,323,429,385,383
smile,202,432,242,422,284,419,317,424,348,418,392,420,436,431,423,433,349,435,317,438,284,435,215,435,436,431,395,477,352,497,318,501,283,496,240,476,202,432,215,435,283,469,317,472,349,470,423,433
smile,303,431,356,427,401,425,419,428,433,425,446,427,455,431,446,436,431,438,418,439,399,438,313,434,455,431,441,465,428,485,412,488,392,486,349,471,303,431,313,434,395,465,415,465,429,461,446,436
smile,212,464,230,453,251,445,271,446,291,439,322,437,359,439,350,443,294,451,274,456,254,457,221,465,359,439,333,472,305,490,283,495,262,496,238,487,212,464,221,465,258,476,278,476,299,471,350,443
smile,180,386,209,385,242,394,271,406,303,408,340,417,374,437,361,433,299,414,267,412,238,400,191,389,374,437,332,473,288,482,254,478,222,465,195,436,180,386,191,389,230,441,261,453,294,457,361,433
smile,186,439,196,426,216,421,235,423,255,417,294,419,337,427,326,430,257,431,238,434,219,433,196,441,337,427,301,467,266,487,245,491,225,490,203,474,186,439,196,441,222,464,241,467,261,464,326,430
smile,204,429,238,384,279,365,306,369,333,366,373,387,403,432,389,430,332,395,306,394,279,394,218,428,403,432,372,454,334,466,305,468,275,466,237,454,204,429,218,428,277,436,305,438,333,436,389,430
smile,239,495,263,498,283,496,300,499,317,494,340,492,368,488,357,492,317,502,300,507,283,504,248,499,368,488,344,512,321,527,303,531,286,529,264,518,239,495,248,499,285,505,302,508,319,504,357,492
smile,264,450,281,435,300,425,314,429,327,424,344,431,363,445,353,446,327,444,314,445,300,446,274,449,363,445,346,460,329,469,314,473,299,472,281,465,264,450,274,449,300,450,314,451,327,449,353,446
smile,176,442,204,442,231,441,253,445,274,438,315,436,365,432,352,438,276,455,254,459,232,456,189,448,365,432,321,468,282,484,258,487,235,486,207,473,176,442,189,448,234,458,256,460,278,457,352,438
smile,285,470,321,442,356,421,381,416,400,402,422,394,442,394,434,401,405,415,386,428,361,436,294,465,442,394,437,435,424,466,403,481,377,490,335,490,285,470,294,465,368,467,392,457,413,443,434,401
smile,300,454,339,443,376,441,394,445,408,444,426,448,433,459,428,459,406,455,392,455,375,453,308,455,433,459,422,490,405,502,389,504,369,500,334,484,300,454,308,455,372,483,390,486,405,485,428,459
smile,178,436,197,427,219,425,238,429,260,425,301,430,349,441,339,442,260,437,237,438,219,436,190,440,349,441,304,471,261,485,238,486,217,483,196,467,178,436,190,440,219,464,238,467,261,467,339,442
smile,223,421,262,428,301,437,316,446,333,449,345,459,347,468,338,470,326,461,310,456,293,449,232,428,347,468,327,497,307,510,290,507,271,499,243,472,223,421,232,428,284,476,301,483,317,484,338,470
smile,209,446,239,437,269,435,290,440,311,436,340,442,362,451,356,452,311,443,289,445,268,443,216,447,362,451,337,479,309,491,286,494,264,491,234,477,209,446,216,447,266,478,288,481,310,478,356,452
smile,202,449,254,458,296,458,317,465,339,460,378,465,425,462,409,468,339,478,316,480,295,475,218,456,425,462,376,492,336,504,312,505,289,502,249,485,202,449,218,456,292,477,314,481,336,479,409,468
smile,200,437,213,425,233,423,249,428,268,426,298,432,327,446,321,445,268,439,249,440,232,436,207,438,327,446,299,474,268,485,248,485,231,481,212,468,200,437,207,438,232,461,250,466,269,465,321,445
smile,285,467,325,456,361,451,381,455,400,450,418,453,434,459,426,461,399,467,380,470,360,468,295,466,434,459,416,478,398,489,378,491,357,490,323,483,285,467,295,466,359,469,379,471,398,467,426,461
smile,346,449,385,447,416,442,429,445,439,440,448,441,451,443,444,445,437,451,427,453,415,454,356,449,451,443,440,456,431,465,420,468,407,470,378,466,346,449,356,449,410,447,422,446,432,441,444,445
smile,235,452,270,445,299,441,315,446,334,444,360,453,388,461,376,463,333,455,315,455,298,452,245,454,388,461,356,482,329,488,310,488,292,485,265,476,235,452,245,454,295,467,312,470,330,470,376,463
smile,214,428,240,429,267,431,286,437,306,435,331,437,356,440,348,443,305,445,285,446,265,442,221,433,356,440,330,474,302,489,281,490,260,485,234,465,214,428,221,433,262,466,283,471,303,470,348,443
smile,167,448,205,449,236,448,257,455,280,452,317,459,356,468,343,469,280,471,256,471,234,467,181,453,356,468,315,489,280,496,255,495,231,490,202,475,167,448,181,453,234,466,257,471,280,472,343,469
smile,316,451,363,454,400,452,417,458,432,452,448,454,462,453,451,458,430,467,415,470,397,467,329,455,462,453,442,479,426,493,410,496,390,494,356,481,316,451,329,455,394,470,413,472,428,469,451,458
smile,241,432,270,418,300,413,320,414,340,407,366,402,391,405,384,410,343,413,322,420,302,420,249,433,391,405,374,449,352,471,330,480,307,480,275,468,241,432,249,433,304,461,325,461,346,453,384,410
smile,189,458,191,455,200,452,214,454,229,449,263,444,306,444,296,448,233,456,218,459,205,460,195,462,306,444,273,475,244,491,228,493,214,493,201,482,189,458,195,462,208,471,221,474,237,472,296,448
smile,201,418,235,399,272,394,298,398,326,392,364,397,403,413,392,416,326,408,298,411,272,409,211,421,403,413,367,465,329,486,299,490,270,487,233,467,201,418,211,421,270,460,298,463,327,459,392,416
smile,193,429,202,418,220,414,240,416,265,408,309,405,355,407,347,411,269,424,244,430,224,430,202,431,355,407,323,458,285,485,259,491,237,489,215,467,193,429,202,431,232,461,252,465,278,460,347,411
smile,175,395,208,386,246,387,274,395,306,390,347,395,382,409,371,410,306,401,274,403,246,397,188,399,382,409,349,456,308,477,276,479,245,472,208,445,175,395,188,399,246,447,276,454,308,453,371,410
smile,217,462,244,465,269,467,288,472,310,468,339,468,371,467,360,470,309,476,288,478,268,475,227,467,371,467,340,499,310,513,287,516,266,513,242,498,217,462,227,467,268,492,288,496,310,495,360,470
smile,239,429,271,399,303,382,330,381,354,374,389,379,421,397,412,401,358,393,334,397,307,401,249,427,421,397,399,427,370,442,344,448,317,450,279,447,239,429,249,427,311,431,338,428,363,424,412,401
smile,151,435,159,432,174,431,192,436,214,431,258,432,304,436,298,439,216,445,193,446,176,444,158,442,304,436,265,480,224,499,201,501,181,496,166,475,151,435,158,442,179,473,198,478,221,477,298,439
smile,213,447,236,424,267,413,289,417,309,412,341,422,367,448,358,448,310,432,289,434,267,433,223,447,367,448,343,493,311,513,289,516,265,513,235,492,213,447,223,447,266,480,289,484,311,481,358,448
smile,133,395,180,419,221,438,243,455,270,461,307,477,345,489,329,490,263,472,236,464,212,448,145,408,345,489,286,528,238,534,209,525,183,508,153,464,133,395,145,408,199,484,224,501,251,509,329,490
smile,203,449,229,438,259,433,280,439,301,435,332,442,364,455,353,456,301,450,279,451,258,448,214,451,364,455,332,493,300,507,277,509,254,505,226,486,203,449,214,451,256,480,279,485,301,483,353,456
smile,217,424,247,422,275,420,295,424,314,421,338,427,364,433,353,437,313,433,294,433,275,430,228,429,364,433,337,459,313,470,293,471,273,468,245,454,217,424,228,429,274,448,294,452,313,450,353,437
smile,184,458,199,440,219,430,234,432,251,428,283,434,318,444,307,445,252,441,234,443,220,444,193,457,318,444,286,471,258,486,238,489,222,489,202,480,184,458,193,457,221,467,237,467,255,465,307,445
smile,235,444,268,430,301,423,325,425,347,420,379,425,413,438,401,437,348,438,325,441,302,441,248,443,413,438,382,453,352,462,329,465,304,464,271,458,235,444,248,443,303,445,327,445,350,443,401,437
smile,225,453,254,422,292,407,326,406,355,397,401,397,443,414,433,417,359,410,328,418,295,421,236,451,443,414,414,459,372,485,340,493,304,496,262,486,225,453,236,451,299,469,334,467,366,458,433,417
smile,207,438,226,425,249,416,271,418,292,411,322,414,350,423,341,427,294,429,273,433,251,433,218,439,350,423,329,461,303,479,278,485,254,483,230,469,207,438,218,439,253,449,275,450,297,445,341,427
smile,171,370,210,373,248,373,273,378,299,372,341,371,388,366,375,372,300,380,274,384,249,381,184,376,388,366,346,414,304,434,276,437,250,434,210,414,171,370,184,376,250,414,276,418,302,414,375,372
smile,309,482,340,465,370,451,390,450,406,440,430,437,452,438,445,443,409,451,393,458,374,462,316,480,452,438,440,475,422,497,404,506,383,510,348,505,309,482,316,480,378,491,398,487,415,478,445,443
smile,188,447,202,442,220,439,239,441,261,435,298,433,349,427,336,431,264,448,242,452,222,452,197,449,349,427,306,453,273,466,249,471,228,471,208,465,188,447,197,449,225,451,245,451,267,447,336,431
smile,226,460,248,447,272,441,292,443,312,438,341,440,371,445,363,448,312,451,293,455,273,454,234,461,371,445,345,479,317,496,295,501,274,500,249,488,226,460,234,461,273,479,294,480,314,475,363,448
smile,219,491,249,494,277,495,294,500,311,497,336,498,363,496,352,499,310,503,293,505,276,502,229,495,363,496,336,525,309,539,291,542,272,539,245,524,219,491,229,495,275,522,293,526,310,523,352,499
smile,208,424,243,396,280,386,301,391,322,392,351,413,374,453,360,448,319,414,298,411,277,408,223,426,374,453,343,472,312,475,290,473,267,469,234,455,208,424,223,426,273,443,294,447,316,450,360,448
smile,222,468,259,466,291,457,312,461,332,454,370,457,411,455,397,462,334,470,314,473,292,473,239,473,411,455,376,490,342,509,320,512,296,511,263,496,222,468,239,473,295,481,317,483,337,479,397,462
smile,246,528,272,520,297,514,314,519,330,513,353,518,376,522,367,525,331,530,314,533,297,531,255,529,376,522,354,545,332,559,314,562,295,561,271,549,246,528,255,529,296,535,314,538,330,533,367,525
smile,134,394,166,404,199,418,216,433,239,439,267,459,292,486,280,482,228,454,206,446,188,433,143,402,292,486,242,503,204,502,180,492,161,478,140,442,134,394,143,402,179,453,197,469,220,478,280,482
smile,161,412,200,389,247,379,272,386,301,385,349,404,387,435,372,437,298,406,270,405,245,400,176,417,387,435,347,494,297,517,266,517,238,511,192,479,161,412,176,417,242,479,269,485,298,485,372,437
smile,178,425,205,398,240,385,268,388,299,379,347,385,394,401,382,406,302,400,271,405,242,406,190,426,394,401,356,450,312,474,280,481,249,482,211,467,178,425,190,426,245,451,275,451,307,445,382,406
smile,224,424,253,381,293,355,325,352,353,340,399,342,444,363,430,370,359,363,330,372,299,379,239,422,444,363,417,425,378,456,347,467,314,474,268,467,224,424,239,422,306,444,338,437,367,425,430,370
smile,199,468,224,462,252,459,271,465,289,461,318,468,346,480,339,481,289,476,270,477,251,474,207,470,346,480,318,510,288,520,268,520,247,516,221,501,199,468,207,470,250,496,269,500,288,499,339,481
smile,125,423,154,428,180,428,197,435,220,434,268,443,325,444,310,446,220,453,196,453,178,447,138,430,325,444,264,468,216,478,191,476,172,469,151,450,125,423,138,430,175,448,193,455,217,457,310,446
smile,174,444,174,432,184,428,195,429,209,424,242,425,275,434,267,436,211,435,197,438,187,438,177,445,275,434,246,463,218,476,202,480,191,480,180,469,174,444,177,445,189,460,199,462,213,458,267,436
smile,204,420,233,400,269,392,298,396,327,392,366,400,403,417,392,418,328,406,298,409,269,407,216,421,403,417,369,460,331,476,299,479,269,476,233,460,204,420,216,421,268,452,298,455,329,453,392,418
smile,137,392,165,401,191,418,204,437,224,447,247,471,266,496,256,488,214,460,194,448,180,432,144,399,266,496,220,495,184,482,164,467,149,448,137,422,137,392,144,399,167,433,182,450,201,464,256,488
smile,147,445,153,433,164,430,180,435,199,433,229,443,262,463,255,461,199,446,180,445,165,441,152,445,262,463,232,483,202,489,183,487,165,482,154,469,147,445,152,445,166,458,182,463,201,465,255,461
smile,275,456,315,442,355,436,379,440,401,436,429,440,449,450,438,453,402,452,380,456,356,454,286,457,449,450,430,487,405,507,381,511,355,510,313,495,275,456,286,457,355,484,379,485,402,481,438,453
smile,178,415,209,414,240,418,263,428,289,426,326,435,367,450,355,449,287,439,261,438,237,430,190,420,367,450,320,479,280,488,253,485,227,477,200,456,178,415,190,420,233,453,258,462,284,465,355,449
smile,202,414,245,399,286,390,311,395,336,390,372,399,408,412,395,415,336,405,311,408,285,406,215,417,408,412,372,450,337,466,310,470,283,467,243,453,202,414,215,417,284,442,310,444,336,441,395,415
smile,204,441,235,440,263,440,282,444,301,442,327,445,354,449,346,451,300,451,281,452,262,449,212,444,354,449,326,478,298,489,278,490,258,486,230,473,204,441,212,444,260,473,280,477,299,476,346,451
smile,212,427,250,410,287,404,311,407,334,403,363,409,391,424,377,425,333,416,311,419,287,417,223,428,391,424,363,460,334,475,310,478,285,476,249,465,212,427,223,428,285,460,310,461,334,458,377,425
smile,221,446,245,430,269,423,285,428,302,426,324,436,344,455,335,454,300,442,283,441,267,439,231,447,344,455,322,475,299,481,280,482,263,479,241,470,221,446,231,447,266,459,283,462,300,461,335,454
smile,216,416,239,397,273,389,296,392,321,388,357,394,382,412,373,416,322,401,296,403,273,403,226,420,382,412,360,466,325,491,298,495,273,492,239,467,216,416,226,420,273,467,298,470,324,466,373,416
smile,185,462,209,446,237,439,261,445,287,442,326,451,369,470,356,472,286,461,260,461,237,458,197,464,369,470,325,499,286,508,259,508,233,504,207,491,185,462,197,464,235,479,259,483,286,484,356,472
smile,283,497,315,492,346,486,369,484,386,472,413,457,442,440,435,449,390,482,372,494,350,497,292,498,442,440,427,492,405,522,385,534,361,540,324,532,283,497,292,498,355,518,378,514,397,503,435,449
smile,288,457,325,445,359,438,377,442,393,439,420,447,444,459,434,460,392,450,376,450,358,449,300,459,444,459,420,486,393,495,376,496,357,493,323,482,288,457,300,459,358,476,376,478,392,478,434,460
smile,235,421,259,402,288,396,311,400,334,396,366,401,394,417,387,420,335,407,312,409,289,409,241,423,394,417,370,459,340,478,315,481,290,479,260,462,235,421,241,423,289,458,313,461,337,458,387,420
smile,202,470,202,463,213,457,226,457,241,448,280,441,328,430,320,436,248,459,232,466,220,467,209,471,328,430,297,473,267,498,250,505,236,506,220,493,202,470,209,471,227,486,240,486,255,480,320,436
smile,230,456,251,436,273,424,291,427,308,422,332,433,354,451,344,451,309,445,292,447,273,446,242,456,354,451,334,467,311,475,293,477,273,476,251,470,230,456,242,456,274,448,292,448,309,446,344,451
smile,194,459,226,450,259,449,285,454,312,449,341,450,368,459,358,460,312,461,284,464,258,462,202,461,368,459,340,484,312,497,283,500,255,499,223,488,194,459,202,461,256,478,283,481,311,476,358,460
smile,256,455,288,446,319,441,340,445,358,440,382,442,402,447,393,451,359,453,341,457,320,455,264,456,402,447,384,481,363,497,342,500,321,499,287,486,256,455,264,456,320,478,341,479,360,474,393,451
smile,232,439,269,439,307,441,331,448,353,444,378,447,398,451,388,456,352,455,329,457,306,452,242,444,398,451,374,493,347,512,323,514,297,509,262,486,232,439,242,444,301,485,326,490,349,486,388,456
smile,200,411,232,401,267,397,292,405,316,401,349,410,377,425,366,425,314,416,290,416,265,411,211,415,377,425,344,458,312,471,286,472,259,467,227,450,200,411,211,415,262,444,289,448,314,447,366,425
smile,185,417,220,407,256,404,284,410,311,407,346,414,381,430,369,431,310,419,283,421,255,416,196,420,381,430,346,474,309,490,280,492,250,486,215,465,185,417,196,420,253,464,282,471,310,468,369,431
smile,97,461,108,454,136,453,159,454,189,447,252,442,320,435,307,444,196,459,165,465,142,465,107,466,320,435,274,501,221,526,187,532,160,530,125,511,97,461,107,466,152,501,176,505,208,502,307,444
smile,239,458,282,435,334,423,372,422,406,410,452,406,487,416,473,423,411,431,376,441,338,443,251,460,487,416,466,491,425,533,388,545,347,547,292,525,239,458,251,460,341,509,380,508,417,495,473,423
smile,320,484,331,475,347,464,364,460,377,449,405,438,442,420,432,429,385,462,371,470,355,476,328,485,442,420,422,454,403,477,388,488,370,495,348,498,320,484,328,485,359,476,375,470,390,460,432,429
smile,187,441,228,438,266,437,290,445,313,442,346,451,380,459,368,460,311,455,288,456,264,450,199,444,380,459,341,490,306,501,281,501,256,495,221,478,187,441,199,444,261,472,285,477,308,477,368,460
smile,207,453,228,445,252,446,270,453,290,451,316,457,336,473,329,472,289,463,269,463,250,458,214,456,336,473,311,500,285,511,264,511,244,506,223,487,207,453,214,456,248,486,267,493,287,492,329,472
smile,211,425,247,420,280,424,304,430,328,429,354,434,379,445,371,446,327,435,303,435,279,428,218,427,379,445,351,479,322,490,297,490,271,483,240,462,211,425,218,427,275,467,300,474,324,474,371,446
smile,216,455,239,439,267,433,290,438,315,436,351,442,386,457,377,459,315,447,291,448,267,445,223,456,386,457,353,492,316,506,291,508,266,505,239,489,216,455,223,456,267,483,291,487,316,485,377,459
smile,178,405,227,410,269,413,298,420,324,416,355,418,388,425,373,428,322,429,296,430,267,425,192,412,388,425,350,453,317,460,289,460,259,456,219,443,178,405,192,412,263,440,292,444,319,442,373,428
smile,162,395,196,400,227,412,242,425,262,434,283,456,297,484,288,478,253,445,233,435,217,422,169,402,297,484,260,498,228,491,208,481,191,466,171,439,162,395,169,402,206,450,223,463,243,474,288,478
smile,286,540,284,517,294,497,309,490,323,473,360,461,402,455,393,463,335,492,319,506,305,516,295,537,402,455,391,506,367,540,350,555,334,564,311,561,286,540,295,537,318,528,332,521,348,509,393,463
smile,231,460,265,437,299,423,319,425,339,420,368,431,395,451,383,452,340,438,320,440,299,441,244,460,395,451,370,474,343,484,321,487,300,488,266,481,231,460,244,460,300,466,320,466,341,463,383,452
smile,152,439,161,422,177,416,189,422,206,421,242,437,282,462,271,462,205,441,187,438,175,435,161,442,282,462,239,485,202,489,184,487,169,481,158,466,152,439,161,442,173,459,187,464,204,467,271,462
smile,290,467,329,459,366,454,383,456,396,451,410,451,419,454,409,459,395,461,382,466,365,466,300,468,419,454,407,487,393,508,377,514,358,514,323,504,290,467,300,468,361,493,379,491,393,484,409,459
smile,303,471,333,459,365,453,384,459,397,456,411,463,413,482,407,482,395,474,382,474,362,471,313,472,413,482,407,509,391,519,375,519,355,514,327,499,303,471,313,472,360,487,379,491,393,489,407,482
smile,201,400,234,371,275,362,302,369,330,367,368,382,395,414,383,414,329,386,301,385,274,382,211,401,395,414,366,471,327,492,296,493,267,487,228,459,201,400,211,401,271,461,298,467,327,466,383,414
smile,206,477,210,473,221,471,231,474,243,469,277,469,312,466,304,470,247,484,234,486,225,486,213,481,312,466,287,501,259,516,244,519,232,517,219,501,206,477,213,481,228,493,238,495,252,493,304,470
smile,258,435,293,419,326,415,348,423,370,421,395,431,417,454,404,451,368,439,347,438,324,433,270,435,417,454,390,478,364,487,341,486,318,481,288,467,258,435,270,435,322,451,345,456,366,455,404,451
smile,210,466,225,443,251,429,273,425,295,415,337,410,383,413,374,421,301,433,278,442,256,447,220,466,383,413,354,465,319,491,294,501,271,505,238,498,210,466,220,466,263,480,285,476,309,468,374,421
smile,246,439,283,424,324,415,351,415,375,404,410,397,439,394,428,402,379,418,354,427,327,430,256,440,439,394,420,450,390,481,363,492,335,495,290,483,246,439,256,440,331,473,358,470,384,459,428,402
smile,209,442,213,430,225,425,240,430,256,424,292,427,332,438,322,439,258,439,242,441,227,441,216,442,332,438,297,456,267,462,249,464,234,463,221,455,209,442,216,442,231,440,246,442,262,443,322,439
smile,201,429,228,428,253,425,269,431,286,428,315,436,349,440,338,444,285,448,268,448,251,445,212,434,349,440,314,471,285,481,266,482,248,477,226,461,201,429,212,434,251,453,268,457,286,457,338,444
smile,269,423,311,398,350,389,371,392,390,390,411,403,423,430,415,429,388,403,370,401,349,400,277,424,423,430,407,454,385,460,366,461,344,459,307,450,269,423,277,424,346,447,367,448,386,447,415,429
smile,245,458,266,446,291,442,311,446,332,441,362,444,392,452,380,454,334,452,312,455,292,454,256,459,392,452,366,482,339,498,317,500,294,498,268,484,245,458,256,459,294,479,315,481,336,479,380,454
smile,158,407,192,397,233,395,263,402,295,397,339,403,381,416,367,419,295,415,262,418,232,412,169,412,381,416,340,471,297,494,262,497,229,492,188,465,158,407,169,412,231,462,263,469,297,465,367,419
smile,253,468,284,449,317,439,337,438,356,428,377,425,394,425,385,430,359,441,340,450,319,454,262,465,394,425,386,462,370,487,349,496,327,500,290,494,253,468,262,465,323,480,343,476,364,467,385,430
smile,120,394,132,391,154,396,172,408,197,412,242,433,288,459,278,456,194,428,169,421,150,410,128,401,288,459,233,490,184,495,158,486,137,472,122,439,120,394,128,401,144,448,165,461,189,470,278,456
smile,284,494,319,481,345,468,361,467,375,459,399,462,428,465,417,467,378,470,364,476,349,479,296,491,428,465,406,480,387,488,372,493,356,496,326,498,284,494,296,491,351,482,366,479,381,474,417,467
smile,208,421,242,395,277,389,305,395,336,390,373,394,407,413,395,412,336,405,306,408,278,405,220,418,407,413,374,453,340,471,307,474,278,471,242,456,208,421,220,418,278,444,306,447,337,443,395,412
smile,242,454,270,445,301,438,325,437,344,428,373,420,400,415,392,422,347,435,328,444,305,446,250,455,400,415,385,464,361,491,339,500,314,503,278,491,242,454,250,455,310,481,333,478,354,469,392,422
smile,197,430,229,421,262,421,285,426,310,422,345,425,376,435,369,435,310,432,284,435,260,431,205,431,376,435,345,471,310,486,283,489,258,486,225,469,197,430,205,431,259,467,284,471,310,467,369,435
smile,224,399,260,372,299,362,328,366,357,360,398,369,436,394,425,394,358,376,328,379,300,377,235,398,436,394,403,433,362,445,332,448,301,446,261,434,224,399,235,398,301,426,330,428,361,425,425,394
smile,338,446,384,425,425,416,449,421,468,416,486,422,492,438,483,440,467,435,447,438,423,436,352,445,492,438,482,474,465,497,443,502,417,501,379,486,338,446,352,445,419,468,444,469,464,463,483,440
smile,135,442,153,454,169,463,184,474,203,475,239,483,279,488,268,488,201,485,182,481,166,471,144,451,279,488,232,506,194,509,174,504,157,493,146,471,135,442,144,451,163,473,179,484,197,490,268,488
smile,235,482,260,477,286,472,303,474,319,468,342,467,367,466,358,470,320,476,304,481,287,480,244,483,367,466,347,496,326,512,308,517,290,516,263,507,235,482,244,483,288,495,306,496,323,491,358,470
smile,220,452,255,436,289,430,311,433,333,428,363,430,390,439,379,442,333,442,311,445,288,445,231,453,390,439,366,483,336,502,313,506,288,506,254,493,220,452,231,453,289,481,313,483,336,478,379,442
smile,205,462,222,445,243,440,263,443,286,439,315,444,343,462,335,462,286,452,264,453,244,452,213,462,343,462,317,485,288,494,265,495,244,492,222,482,205,462,213,462,244,475,265,478,287,477,335,462
smile,204,453,229,455,253,459,266,466,281,466,302,472,321,478,311,480,278,473,264,471,250,465,212,458,321,478,294,502,270,510,255,509,239,502,220,484,204,453,212,458,245,485,259,491,274,492,311,480
smile,205,457,233,456,264,460,287,465,310,463,339,464,366,467,358,472,310,473,287,474,263,469,213,461,366,467,339,509,309,525,284,526,259,520,230,498,205,457,213,461,261,500,286,506,310,503,358,472
smile,248,399,294,378,337,370,364,374,389,370,418,380,443,400,429,401,389,386,364,388,336,386,260,400,443,400,416,430,388,442,361,445,333,443,290,430,248,399,260,400,335,419,362,420,388,417,429,401
smile,229,439,267,427,300,418,322,420,342,413,371,415,404,420,392,424,344,431,323,437,301,435,242,441,404,420,377,454,349,470,327,475,304,476,269,466,229,439,242,441,302,451,324,451,346,445,392,424
smile,317,479,330,457,348,436,368,428,381,410,413,395,451,382,442,392,393,428,377,443,359,454,328,473,451,382,440,421,422,449,405,465,386,477,355,485,317,479,328,473,369,452,387,442,403,427,442,392
smile,221,424,249,425,277,429,295,437,315,436,334,441,348,448,339,450,313,446,293,446,274,440,229,430,348,448,328,472,307,484,286,484,266,478,242,458,221,424,229,430,271,459,290,465,310,463,339,450
smile,166,404,192,393,223,387,245,392,270,387,317,394,369,407,355,411,271,407,245,410,223,407,182,410,369,407,322,457,275,476,247,478,222,475,192,455,166,404,182,410,224,439,248,443,274,442,355,411
smile,174,465,186,446,206,438,224,441,243,436,282,442,321,460,312,462,245,456,226,458,208,457,184,466,321,460,287,494,252,509,231,512,211,509,190,493,174,465,184,466,210,485,228,487,248,486,312,462
smile,193,449,226,446,262,445,290,449,318,443,357,442,397,445,386,451,319,457,290,461,262,459,206,455,397,445,362,501,323,523,292,526,261,523,225,499,193,449,206,455,262,493,292,497,321,493,386,451
smile,195,438,226,442,256,447,278,454,298,452,322,453,345,453,335,458,296,460,276,461,254,455,203,443,345,453,318,486,292,498,271,499,247,493,220,473,195,438,203,443,252,475,274,481,295,479,335,458
smile,217,409,251,413,284,425,304,435,329,438,352,446,370,461,363,459,323,446,300,442,278,433,224,414,370,461,339,481,308,483,284,478,261,469,235,449,217,409,224,414,271,456,294,464,317,468,363,459
smile,253,473,299,452,346,432,379,423,403,403,445,381,490,360,479,372,413,415,387,435,355,446,266,469,490,360,473,424,444,470,416,492,383,504,323,501,253,473,266,469,368,472,400,460,426,440,479,372
smile,185,416,221,418,256,421,280,429,308,425,343,429,376,435,363,437,306,440,278,443,254,437,198,423,376,435,339,479,304,497,274,499,247,493,214,468,185,416,198,423,251,466,277,473,306,470,363,437
smile,178,451,213,440,256,438,284,444,316,439,366,447,405,462,391,464,316,456,284,458,256,455,192,456,405,462,368,514,322,539,287,542,256,537,214,507,178,451,192,456,256,501,285,507,319,505,391,464
smile,236,412,278,411,314,410,331,418,350,418,370,430,390,445,379,446,346,435,328,432,310,427,247,418,390,445,362,470,339,478,319,477,299,471,268,453,236,412,247,418,306,449,324,454,343,456,379,446
smile,176,446,190,442,207,437,222,441,240,437,276,440,317,443,307,447,242,450,224,451,208,450,185,450,317,443,280,477,246,489,226,492,209,488,193,473,176,446,185,450,208,466,223,470,243,469,307,447
smile,132,414,149,422,168,437,185,451,209,458,242,473,277,491,268,490,203,470,180,461,162,448,138,424,277,491,229,521,188,522,163,512,144,495,131,459,132,414,138,424,155,469,174,487,198,496,268,490
smile,248,457,282,446,315,437,336,436,355,428,385,426,415,424,406,429,358,439,339,446,318,448,258,457,415,424,394,458,368,479,347,486,325,488,289,480,248,457,258,457,320,469,342,467,362,460,406,429
smile,220,416,250,412,277,411,297,417,318,416,344,422,373,431,364,433,316,428,295,427,275,423,230,419,373,431,341,459,312,466,290,465,269,460,244,446,220,416,230,419,273,444,293,449,314,449,364,433
smile,250,470,254,449,267,434,281,431,294,422,325,417,360,420,352,424,301,433,287,441,274,446,258,466,360,420,341,456,319,477,304,486,290,492,269,490,250,470,258,466,281,472,294,468,308,459,352,424
smile,220,426,250,413,282,406,306,410,329,406,362,412,395,428,384,431,329,420,306,422,281,420,232,429,395,428,363,457,329,467,304,468,279,465,248,454,220,426,232,429,280,443,305,446,329,444,384,431
smile,207,400,240,340,285,311,315,312,344,307,389,328,421,381,409,379,347,334,317,337,287,338,220,395,421,381,394,423,354,438,322,441,291,443,245,436,207,400,220,395,288,419,318,418,349,415,409,379
smile,203,454,230,457,259,461,278,468,300,467,330,473,359,477,349,480,298,479,277,479,256,473,213,461,359,477,327,520,294,536,271,535,249,528,223,503,203,454,213,461,253,501,275,508,297,509,349,480
smile,228,443,253,425,282,418,308,419,331,412,366,412,399,420,391,424,333,424,310,430,285,430,238,443,399,420,374,457,343,476,318,481,291,481,259,470,228,443,238,443,288,460,314,460,338,455,391,424
smile,244,487,261,467,281,452,299,457,314,451,338,463,360,480,348,481,315,476,300,478,282,478,255,487,360,480,342,504,319,516,302,518,283,517,262,509,244,487,255,487,283,480,300,481,316,479,348,481
smile,198,446,227,437,260,434,284,442,312,437,348,443,379,454,365,457,312,455,284,458,259,453,211,450,379,454,347,491,310,508,281,510,255,505,223,485,198,446,211,450,257,479,282,485,311,482,365,457
smile,232,448,269,452,300,456,321,461,343,459,369,462,402,465,391,467,342,467,320,468,298,463,242,452,402,465,365,482,338,486,315,486,292,481,262,469,232,448,242,452,295,464,317,468,339,467,391,467
smile,208,460,237,451,267,445,288,449,309,445,337,450,365,459,354,462,309,458,288,460,267,458,218,464,365,459,338,493,311,506,288,509,264,507,235,493,208,460,218,464,266,483,288,486,310,483,354,462
smile,288,427,326,399,365,387,390,386,411,377,438,379,459,389,450,392,414,391,392,398,368,401,296,424,459,389,446,428,425,451,401,460,376,462,334,454,288,427,296,424,372,441,396,438,419,430,450,392
smile,208,433,234,413,262,403,284,407,305,404,339,414,374,435,364,437,304,423,284,424,262,422,218,435,374,435,341,466,307,479,284,481,260,478,234,462,208,433,218,435,262,454,284,457,306,456,364,437
smile,188,482,205,481,222,480,236,484,253,479,290,480,331,482,323,484,255,491,238,493,224,490,196,486,331,482,300,511,264,520,246,521,230,518,211,505,188,482,196,486,227,499,243,502,260,502,323,484
smile,240,476,262,466,284,458,301,462,317,457,339,463,363,470,353,473,319,475,302,478,284,477,249,479,363,470,341,494,320,504,303,507,285,505,263,497,240,476,249,479,284,477,302,478,318,475,353,473
smile,237,484,265,485,290,485,308,487,326,481,351,475,380,468,372,471,327,489,309,495,290,493,247,486,380,468,355,493,329,510,310,514,292,514,266,505,237,484,247,486,291,494,309,495,327,490,372,471
smile,189,378,224,371,258,369,282,378,307,378,341,393,374,415,363,414,303,398,278,396,254,388,200,382,374,415,332,443,294,449,268,446,242,438,214,417,189,378,200,382,249,415,274,422,299,426,363,414
smile,201,439,231,424,266,416,288,419,312,413,351,414,389,420,379,424,313,429,289,433,266,433,211,441,389,420,356,466,319,488,293,493,269,492,234,476,201,439,211,441,268,470,292,471,317,466,379,424
smile,244,426,277,434,305,439,321,446,336,445,349,449,359,450,351,454,333,455,318,455,301,450,253,431,359,450,340,470,323,479,307,478,289,473,266,456,244,426,253,431,296,451,313,456,329,455,351,454
smile,227,481,247,468,270,460,289,460,309,453,339,453,369,457,361,460,311,464,291,470,272,471,236,480,369,457,346,489,320,511,298,517,277,518,252,506,227,481,236,480,274,495,294,495,316,489,361,460
smile,221,483,250,462,284,446,311,444,333,433,373,429,414,434,404,439,339,447,315,456,288,460,232,481,414,434,387,468,354,489,328,498,301,504,262,503,221,483,232,481,293,484,321,479,345,470,404,439
smile,246,442,264,387,303,361,337,356,366,343,418,344,462,373,451,378,375,359,345,369,312,377,255,436,462,373,443,454,403,493,369,505,333,511,285,495,246,442,255,436,321,483,356,477,388,465,451,378
smile,218,455,252,447,285,445,311,447,333,440,357,437,375,440,365,444,334,447,312,452,286,452,227,457,375,440,361,488,337,513,313,519,286,518,250,499,218,455,227,457,285,495,311,497,334,489,365,444
smile,235,454,260,442,289,433,313,433,337,423,374,416,411,415,400,421,341,437,316,445,292,448,246,455,411,415,387,462,355,489,329,497,303,500,270,489,235,454,246,455,297,474,323,473,348,465,400,421
smile,240,461,263,451,288,449,308,451,325,447,350,449,371,459,364,460,326,462,308,464,288,462,247,462,371,459,353,495,329,510,309,513,288,510,262,495,240,461,247,462,288,486,308,488,327,485,364,460
smile,207,443,236,419,273,409,299,415,325,411,359,424,385,451,374,451,325,435,299,436,272,433,218,444,385,451,358,481,324,495,296,497,268,494,232,477,207,443,218,444,271,462,298,466,324,464,374,451
smile,212,455,244,445,279,439,303,441,324,435,360,437,397,443,386,447,325,450,303,453,280,453,223,457,397,443,364,479,329,497,305,500,281,499,246,488,212,455,223,457,280,479,304,479,327,476,386,447
smile,214,397,243,378,278,373,300,379,322,381,350,395,370,423,363,422,318,393,297,390,275,385,221,400,370,423,343,460,311,473,288,472,264,466,233,445,214,397,221,400,269,447,292,452,315,454,363,422
smile,242,450,271,446,301,443,320,446,340,441,367,440,393,440,385,445,340,451,320,456,301,454,250,453,393,440,371,482,344,503,323,508,301,507,270,491,242,450,250,453,301,486,322,487,342,483,385,445
smile,183,442,205,441,232,441,253,448,278,446,307,453,332,465,322,467,276,465,251,465,229,459,195,449,332,465,304,501,274,515,246,515,222,509,198,485,183,442,195,449,228,476,250,483,276,483,322,467
smile,198,434,228,438,254,440,271,444,288,441,313,440,345,434,335,438,288,447,270,450,254,447,207,437,345,434,313,457,288,467,269,469,252,466,227,457,198,434,207,437,253,450,270,452,287,450,335,438
smile,227,460,254,459,286,455,310,459,333,453,363,454,391,460,383,464,334,470,311,473,286,471,235,465,391,460,368,501,339,519,315,523,288,521,256,501,227,460,235,465,290,494,315,497,337,494,383,464
smile,209,455,229,447,250,442,272,444,293,437,325,433,358,436,347,439,296,446,274,452,253,452,220,457,358,436,334,479,305,499,282,505,259,505,234,492,209,455,220,457,256,476,278,479,300,473,347,439
smile,223,395,259,375,298,366,328,371,358,364,392,370,419,387,405,387,358,381,329,384,298,383,236,395,419,387,392,413,360,425,328,430,297,428,258,420,223,395,236,395,297,410,328,410,358,405,405,387
smile,258,479,293,476,326,472,348,472,368,463,392,456,419,448,407,456,370,473,350,480,327,482,268,482,419,448,398,485,377,508,355,516,331,519,297,510,258,479,268,482,328,500,351,497,372,488,407,456
smile,224,434,255,423,285,420,301,427,319,428,345,444,367,467,359,466,315,445,298,441,281,436,232,438,367,467,336,493,306,500,287,497,269,490,244,470,224,434,232,438,276,470,293,476,311,479,359,466
smile,194,408,223,380,257,372,281,378,305,378,338,394,365,429,357,426,303,393,279,391,255,387,201,408,365,429,332,462,295,472,270,471,244,467,213,449,194,408,201,408,249,447,274,450,299,451,357,426
smile,212,458,232,436,263,423,291,421,318,409,362,402,404,407,392,413,324,420,296,429,269,433,224,456,404,407,380,465,344,496,314,507,284,510,247,498,212,458,224,456,276,487,304,485,333,475,392,413
smile,248,429,304,434,352,436,368,445,384,444,399,453,404,460,392,463,379,459,362,458,345,454,262,435,404,460,382,491,363,503,346,502,325,495,288,472,248,429,262,435,337,466,355,471,371,471,392,463
smile,173,431,188,423,212,422,233,428,259,423,303,426,347,436,337,437,260,435,234,438,213,434,186,435,347,436,311,487,267,511,239,513,215,507,190,480,173,431,186,435,215,478,238,485,265,483,337,437
smile,219,423,253,408,291,405,315,412,339,411,370,423,391,447,380,447,336,426,313,424,288,419,229,426,391,447,363,490,329,506,304,506,277,501,242,477,219,423,229,426,282,475,308,481,333,480,380,447
smile,188,437,203,439,217,441,232,451,250,449,279,461,314,472,304,471,248,465,230,462,215,454,198,444,314,472,276,490,245,492,226,488,209,479,199,460,188,437,198,444,213,454,229,462,247,467,304,471
smile,254,431,289,425,321,423,344,427,364,422,385,422,405,430,396,431,364,428,345,430,322,429,263,433,405,430,387,454,367,466,346,469,323,467,289,458,254,431,263,433,322,451,345,453,366,450,396,431
smile,199,449,221,433,250,424,275,423,299,413,341,405,385,406,376,412,304,424,278,433,254,436,208,450,385,406,355,450,319,478,292,488,266,492,232,483,199,449,208,450,259,472,285,470,311,460,376,412
smile,200,462,230,458,259,455,277,461,297,459,325,468,353,477,340,481,295,478,276,477,257,473,212,468,353,477,322,510,292,520,271,520,251,516,224,499,200,462,212,468,255,484,275,488,294,488,340,481
smile,216,462,248,463,276,460,298,464,319,455,347,452,381,445,366,454,322,472,300,478,277,477,230,468,381,445,353,487,328,506,305,512,280,512,251,498,216,462,230,468,279,478,302,480,324,474,366,454
smile,185,458,214,456,239,454,255,461,272,460,298,469,328,478,317,479,271,475,254,474,237,470,194,460,328,478,293,490,266,490,249,488,231,484,208,473,185,458,194,460,235,471,251,475,268,476,317,479
smile,175,470,183,455,199,447,218,447,237,439,275,436,318,438,309,442,242,451,222,458,203,460,183,469,318,438,287,476,255,495,233,502,213,503,193,494,175,470,183,469,208,485,227,484,248,478,309,442
smile,175,430,211,390,260,373,296,376,330,369,380,380,429,420,414,418,332,390,297,394,261,394,189,427,429,420,386,462,339,482,302,486,263,486,213,469,175,430,189,427,263,453,301,455,335,449,414,418
smile,261,472,298,473,331,472,350,476,369,470,390,468,410,463,399,469,368,485,349,490,330,488,272,476,410,463,389,493,367,512,348,517,327,517,294,503,261,472,272,476,329,490,348,491,367,486,399,469
smile,237,474,260,465,282,461,298,465,316,461,339,466,365,471,355,474,317,470,298,472,282,470,247,475,365,471,340,495,318,506,298,508,281,505,260,495,237,474,247,475,281,488,298,490,317,488,355,474
smile,315,491,330,476,349,463,369,459,383,448,410,439,439,434,431,439,391,464,375,474,356,478,324,488,439,434,427,462,409,483,393,494,373,499,347,500,315,491,324,488,363,479,382,474,397,464,431,439
smile,174,476,189,475,206,473,221,478,238,472,270,473,308,476,298,478,240,492,222,494,206,491,181,480,308,476,272,500,241,514,223,517,206,514,190,500,174,476,181,480,206,491,222,494,239,492,298,478
smile,253,452,286,433,319,423,346,422,372,413,404,410,433,412,423,417,375,426,349,434,322,437,263,452,433,412,413,447,386,468,358,477,330,481,292,476,253,452,263,452,325,459,352,456,379,447,423,417
smile,217,439,250,423,285,415,307,419,327,414,357,423,383,438,372,440,327,429,307,430,285,429,227,441,383,438,356,470,327,487,305,490,282,487,248,471,217,439,227,441,284,470,306,472,327,468,372,440
smile,147,413,173,400,207,397,240,404,271,398,312,402,351,420,339,423,272,415,239,417,207,412,158,416,351,420,312,463,271,483,237,486,203,480,171,457,147,413,158,416,204,453,238,459,271,456,339,423
smile,220,432,247,430,276,429,293,434,313,432,335,437,355,445,347,447,312,441,292,442,275,438,228,436,355,445,332,476,308,491,288,493,268,489,242,471,220,432,228,436,272,467,290,471,310,468,347,447
smile,231,392,272,374,318,371,346,376,371,371,402,373,423,382,414,388,371,382,346,385,318,383,238,395,423,382,403,437,374,464,346,469,317,467,271,446,231,392,238,395,317,445,345,448,372,442,414,388
smile,189,422,230,428,265,430,288,437,314,430,347,426,385,418,368,426,315,447,288,452,264,448,204,430,385,418,350,463,317,486,289,491,264,488,229,467,189,422,204,430,264,458,289,461,316,456,368,426
smile,163,398,198,402,230,411,248,426,272,431,298,450,326,467,312,464,265,446,242,440,222,427,175,405,326,467,281,488,246,487,222,479,200,466,178,439,163,398,175,405,213,436,234,449,257,457,312,464
smile,164,447,178,438,195,436,215,439,238,433,273,434,309,440,300,443,239,450,215,453,195,451,173,452,309,440,277,472,244,484,220,488,199,486,182,473,164,447,173,452,197,465,218,469,243,467,300,443
smile,247,442,276,444,301,446,318,451,333,448,351,450,367,455,359,457,332,461,316,462,299,459,255,445,367,455,347,472,328,480,312,482,294,478,271,464,247,442,255,445,297,459,314,463,330,461,359,457
smile,249,417,298,416,340,421,365,431,389,430,413,439,431,453,421,453,387,439,363,438,337,430,260,422,431,453,405,474,380,478,355,475,327,467,289,451,249,417,260,422,332,453,359,459,383,462,421,453
smile,200,382,237,369,277,369,298,380,323,383,356,406,385,443,373,438,317,402,293,395,271,386,213,387,385,443,341,461,302,459,276,452,254,441,222,418,200,382,213,387,262,422,285,432,310,438,373,438
smile,237,460,270,454,303,449,328,450,349,441,382,434,415,428,405,433,352,451,330,459,305,460,248,462,415,428,391,472,363,495,338,503,312,504,275,493,237,460,248,462,309,480,334,479,357,471,405,433
smile,257,494,288,490,316,489,331,495,345,493,358,500,368,508,359,509,342,509,328,509,312,505,268,496,368,508,352,524,337,529,321,529,305,526,281,513,257,494,268,496,311,503,326,507,340,506,359,509
smile,244,431,291,423,334,418,361,423,384,418,413,423,440,430,426,435,384,438,360,441,333,438,255,434,440,430,412,473,384,494,357,497,329,495,286,475,244,431,255,434,331,469,359,471,384,467,426,435
smile,227,470,250,466,271,464,284,472,300,470,319,480,338,488,329,489,298,486,282,485,268,481,237,473,338,488,314,506,293,512,276,511,261,506,243,493,227,470,237,473,266,484,280,488,296,488,329,489
smile,198,356,239,350,278,350,306,360,333,355,371,360,406,372,393,374,331,367,304,369,275,363,211,361,406,372,364,413,324,428,295,430,264,423,230,402,198,356,211,361,270,398,299,405,327,403,393,374
smile,224,459,249,449,270,442,285,446,300,442,322,450,348,461,337,462,299,460,284,461,269,459,234,461,348,461,321,480,299,487,283,487,267,486,246,478,224,459,234,461,269,461,284,463,299,462,337,462
